"country_name_short","Country","election_date","start_date","cabinet_name","caretaker","cabinet_party","prime_minister","seats","election_seats_total","party_name_short","party_name","party_name_english","left_right","country_id","election_id","cabinet_id","previous_cabinet_id","ParlGov.party.id","CHESyear","Parlgov.Party.Abbrev","Parlgov.Party.Name.English","Parlgov.Party.Name","party_name_ascii","family_name_short","family_name","state_market","liberty_authority","eu_anti_pro","cmp","euprofiler","ees","castles_mair","huber_inglehart","ray","benoit_laver","CHES.party.id","family_id"
"BGR","Bulgaria",2009-07-05,2013-03-13,"Raikov",1,0,0,21,240,"Ataka","Ataka","Attack",5.46,10,79,1045,805,535,NA,"Ataka","Attack","Ataka","Ataka","right","Right-wing",3.25,9.17,2.4333,NA,27,1100700,NA,NA,NA,NA,2007,40
"BGR","Bulgaria",2009-07-05,2013-03-13,"Raikov",1,0,0,15,240,"BC","Sinyata Koalitsiya","Blue Coalition",7.4,10,79,1045,805,1254,NA,"BC","Blue Coalition","Sinyata Koalitsiya","Sinyata Koalitsiya","con","Conservative",6.4,6.9,7.8,NA,NA,1100001,NA,NA,NA,NA,NA,26
"BGR","Bulgaria",2009-07-05,2013-03-13,"Raikov",1,0,0,38,240,"DPS","Dvizhenie za Prava i Svobodi","Movement for Rights and Freedoms",4.5828,10,79,1045,805,1286,NA,"DPS","Movement for Rights and Freedoms","Dvizhenie za Prava i Svobodi","Dvizhenie za Prava i Svobodi","lib","Liberal",4.413,6.229,9.0094,80951,31,1100900,NA,NA,NA,894,2004,6
"BGR","Bulgaria",2009-07-05,2013-03-13,"Raikov",1,0,0,116,240,"GERB","Grazhdani za Evropeysko Razvitie na Balgariya","Citizens for European Development of Bulgaria",7.4,10,79,1045,805,1541,NA,"GERB","Citizens for European Development of Bulgaria","Grazhdani za Evropeysko Razvitie na Balgariya","Grazhdani za Evropeysko Razvitie na Balgariya","con","Conservative",6.4,6.9,7.8,NA,29,1100600,NA,NA,NA,NA,2010,26
"BGR","Bulgaria",2009-07-05,2013-03-13,"Raikov",1,0,0,40,240,"KzB|DL","Koalitsiya za Balgariya | Demokratichna Levitsa","Coalition for Bulgaria | Democratic Left",2.8982,10,79,1045,805,1160,NA,"KzB|DL","Coalition for Bulgaria | Democratic Left","Koalitsiya za Balgariya | Demokratichna Levitsa","Koalitsiya za Balgariya | Demokratichna Levitsa","soc","Social democracy",2.9629,5.741,8.6402,80221,NA,1100300,NA,702,NA,841,2003,11
"BGR","Bulgaria",2009-07-05,2013-03-13,"Raikov",1,0,0,10,240,"PPS","Red, zakonnost i spravedlivost","Order, Lawfulness and Justice",8.7,10,79,1045,805,636,NA,"PPS","Order, Lawfulness and Justice","Red, zakonnost i spravedlivost","Red, zakonnost i spravedlivost","right","Right-wing",5.9,8.6,2.4,NA,NA,1100601,NA,NA,NA,NA,2012,40
"BGR","Bulgaria",2009-07-05,2013-03-13,"Raikov",1,1,1,0,240,"none","no party affiliation","no party affiliation",NA,10,79,1045,805,133,NA,"none","no party affiliation","no party affiliation","no party affiliation","none","no family",NA,NA,NA,NA,NA,NA,NA,NA,NA,NA,NA,12
"BGR","Bulgaria",2013-05-12,2013-05-29,"Oresharski",1,0,0,23,240,"Ataka","Ataka","Attack",5.46,10,799,1058,1045,535,NA,"Ataka","Attack","Ataka","Ataka","right","Right-wing",3.25,9.17,2.4333,NA,27,1100700,NA,NA,NA,NA,2007,40
"BGR","Bulgaria",2013-05-12,2013-05-29,"Oresharski",1,1,0,36,240,"DPS","Dvizhenie za Prava i Svobodi","Movement for Rights and Freedoms",4.5828,10,799,1058,1045,1286,NA,"DPS","Movement for Rights and Freedoms","Dvizhenie za Prava i Svobodi","Dvizhenie za Prava i Svobodi","lib","Liberal",4.413,6.229,9.0094,80951,31,1100900,NA,NA,NA,894,2004,6
"BGR","Bulgaria",2013-05-12,2013-05-29,"Oresharski",1,0,0,97,240,"GERB","Grazhdani za Evropeysko Razvitie na Balgariya","Citizens for European Development of Bulgaria",7.4,10,799,1058,1045,1541,NA,"GERB","Citizens for European Development of Bulgaria","Grazhdani za Evropeysko Razvitie na Balgariya","Grazhdani za Evropeysko Razvitie na Balgariya","con","Conservative",6.4,6.9,7.8,NA,29,1100600,NA,NA,NA,NA,2010,26
"BGR","Bulgaria",2013-05-12,2013-05-29,"Oresharski",1,1,0,84,240,"KzB|DL","Koalitsiya za Balgariya | Demokratichna Levitsa","Coalition for Bulgaria | Democratic Left",2.8982,10,799,1058,1045,1160,NA,"KzB|DL","Coalition for Bulgaria | Democratic Left","Koalitsiya za Balgariya | Demokratichna Levitsa","Koalitsiya za Balgariya | Demokratichna Levitsa","soc","Social democracy",2.9629,5.741,8.6402,80221,NA,1100300,NA,702,NA,841,2003,11
"BGR","Bulgaria",2013-05-12,2013-05-29,"Oresharski",1,1,1,0,240,"none","no party affiliation","no party affiliation",NA,10,799,1058,1045,133,NA,"none","no party affiliation","no party affiliation","no party affiliation","none","no family",NA,NA,NA,NA,NA,NA,NA,NA,NA,NA,NA,12
"BGR","Bulgaria",2013-05-12,2014-08-05,"Bliznashki",1,0,0,23,240,"Ataka","Ataka","Attack",5.46,10,799,1139,1058,535,NA,"Ataka","Attack","Ataka","Ataka","right","Right-wing",3.25,9.17,2.4333,NA,27,1100700,NA,NA,NA,NA,2007,40
"BGR","Bulgaria",2013-05-12,2014-08-05,"Bliznashki",1,0,0,36,240,"DPS","Dvizhenie za Prava i Svobodi","Movement for Rights and Freedoms",4.5828,10,799,1139,1058,1286,NA,"DPS","Movement for Rights and Freedoms","Dvizhenie za Prava i Svobodi","Dvizhenie za Prava i Svobodi","lib","Liberal",4.413,6.229,9.0094,80951,31,1100900,NA,NA,NA,894,2004,6
"BGR","Bulgaria",2013-05-12,2014-08-05,"Bliznashki",1,0,0,97,240,"GERB","Grazhdani za Evropeysko Razvitie na Balgariya","Citizens for European Development of Bulgaria",7.4,10,799,1139,1058,1541,NA,"GERB","Citizens for European Development of Bulgaria","Grazhdani za Evropeysko Razvitie na Balgariya","Grazhdani za Evropeysko Razvitie na Balgariya","con","Conservative",6.4,6.9,7.8,NA,29,1100600,NA,NA,NA,NA,2010,26
"BGR","Bulgaria",2013-05-12,2014-08-05,"Bliznashki",1,0,0,84,240,"KzB|DL","Koalitsiya za Balgariya | Demokratichna Levitsa","Coalition for Bulgaria | Democratic Left",2.8982,10,799,1139,1058,1160,NA,"KzB|DL","Coalition for Bulgaria | Democratic Left","Koalitsiya za Balgariya | Demokratichna Levitsa","Koalitsiya za Balgariya | Demokratichna Levitsa","soc","Social democracy",2.9629,5.741,8.6402,80221,NA,1100300,NA,702,NA,841,2003,11
"BGR","Bulgaria",2013-05-12,2014-08-05,"Bliznashki",1,1,1,0,240,"none","no party affiliation","no party affiliation",NA,10,799,1139,1058,133,NA,"none","no party affiliation","no party affiliation","no party affiliation","none","no family",NA,NA,NA,NA,NA,NA,NA,NA,NA,NA,NA,12
"CYP","Cyprus",1996-05-26,1998-02-28,"Clerides III",0,0,0,19,56,"AKEL","Anorthotikó Kómma Ergazómenou Laoú","Progressive Party of Working People",1.0526,51,330,731,911,572,2014,"AKEL","Progressive Party of Working People","Anorthotikó Kómma Ergazómenou Laoú","Anorthotikon Komma Ergazemenou Laou","com","Communist/Socialist",2.6316,6.1842,6.1842,55321,49,1196321,NA,NA,NA,5351,NA,14
"CYP","Cyprus",1996-05-26,1998-02-28,"Clerides III",0,1,0,10,56,"DIKO","Dimokratikó Kómma","Democratic Party",5.1316,51,330,731,911,851,2014,"DIKO","Democratic Party","Dimokratikó Kómma","Dimokratiko Komma","con","Conservative",4.0789,6.0526,8.0263,55422,50,1196422,NA,NA,NA,5369,NA,26
"CYP","Cyprus",1996-05-26,1998-02-28,"Clerides III",0,1,1,20,56,"DISY","Dimokratikós Sinayermós","Democratic Rally",8.6842,51,330,731,911,1575,2014,"DISY","Democratic Rally","Dimokratikós Sinayermós","Dimokratikos Synagermos","con","Conservative",7.3684,5,9.4737,55711,51,1196711,NA,NA,NA,5387,NA,26
"CYP","Cyprus",1996-05-26,1998-02-28,"Clerides III",0,0,0,2,56,"ED","Enomeni Dimokrates","United Democrats",7.1053,51,330,731,911,1523,2014,"ED","United Democrats","Enomeni Dimokrates","Enomeni Dimokrates","lib","Liberal",6.0526,4.3421,9.7368,55423,NA,NA,NA,NA,NA,5423,NA,6
"CYP","Cyprus",1996-05-26,1998-02-28,"Clerides III",0,1,0,5,56,"EDEK","Kinima Sosialdimokraton EDEK","Movement for Social Democracy EDEK",3.2895,51,330,731,911,945,2014,"EDEK","Movement for Social Democracy EDEK","Kinima Sosialdimokraton EDEK","Kinima Sosialdimokraton EDEK","soc","Social democracy",4.7368,5.9211,8.8158,55323,54,1196322,NA,NA,NA,5405,NA,11
"CYP","Cyprus",1996-05-26,1998-02-28,"Clerides III",0,1,0,0,56,"LP","Liberal Party","Liberal Party",6,51,330,731,911,1151,2014,"LP","Liberal Party","Liberal Party","Liberal Party","lib","Liberal",6.7,3.5,8.8,NA,NA,NA,NA,NA,NA,NA,NA,6
"CYP","Cyprus",2001-05-27,2001-05-27,"Clerides IV",0,0,0,1,56,"ADK","Agonistiko Dimokratiko Kinima","Fighting Democratic Movement",7.7632,51,339,910,731,1049,2014,"ADK","Fighting Democratic Movement","Agonistiko Dimokratiko Kinima","Agonistiko Dimokratiko Kinima","right","Right-wing",5.2632,5,8.1579,NA,NA,NA,NA,NA,NA,5333,NA,40
"CYP","Cyprus",2001-05-27,2001-05-27,"Clerides IV",0,0,0,20,56,"AKEL","Anorthotikó Kómma Ergazómenou Laoú","Progressive Party of Working People",1.0526,51,339,910,731,572,2014,"AKEL","Progressive Party of Working People","Anorthotikó Kómma Ergazómenou Laoú","Anorthotikon Komma Ergazemenou Laou","com","Communist/Socialist",2.6316,6.1842,6.1842,55321,49,1196321,NA,NA,NA,5351,NA,14
"CYP","Cyprus",2001-05-27,2001-05-27,"Clerides IV",0,1,0,9,56,"DIKO","Dimokratikó Kómma","Democratic Party",5.1316,51,339,910,731,851,2014,"DIKO","Democratic Party","Dimokratikó Kómma","Dimokratiko Komma","con","Conservative",4.0789,6.0526,8.0263,55422,50,1196422,NA,NA,NA,5369,NA,26
"CYP","Cyprus",2001-05-27,2001-05-27,"Clerides IV",0,1,1,19,56,"DISY","Dimokratikós Sinayermós","Democratic Rally",8.6842,51,339,910,731,1575,2014,"DISY","Democratic Rally","Dimokratikós Sinayermós","Dimokratikos Synagermos","con","Conservative",7.3684,5,9.4737,55711,51,1196711,NA,NA,NA,5387,NA,26
"CYP","Cyprus",2001-05-27,2001-05-27,"Clerides IV",0,0,0,1,56,"ED","Enomeni Dimokrates","United Democrats",7.1053,51,339,910,731,1523,2014,"ED","United Democrats","Enomeni Dimokrates","Enomeni Dimokrates","lib","Liberal",6.0526,4.3421,9.7368,55423,NA,NA,NA,NA,NA,5423,NA,6
"CYP","Cyprus",2001-05-27,2001-05-27,"Clerides IV",0,1,0,4,56,"EDEK","Kinima Sosialdimokraton EDEK","Movement for Social Democracy EDEK",3.2895,51,339,910,731,945,2014,"EDEK","Movement for Social Democracy EDEK","Kinima Sosialdimokraton EDEK","Kinima Sosialdimokraton EDEK","soc","Social democracy",4.7368,5.9211,8.8158,55323,54,1196322,NA,NA,NA,5405,NA,11
"CYP","Cyprus",2001-05-27,2001-05-27,"Clerides IV",0,0,0,1,56,"KOP","Kinima Oikologoi Perivallontistoi","Ecological and Environmental Movement",5.7895,51,339,910,731,1621,2014,"KOP","Ecological and Environmental Movement","Kinima Oikologoi Perivallontistoi","Kinima Oikologoi Perivallontistoi","eco","Green/Ecologist",5.5263,5.7895,7.5,NA,53,1196110,NA,NA,NA,5441,NA,19
"CYP","Cyprus",2001-05-27,2001-05-27,"Clerides IV",0,1,0,0,56,"LP","Liberal Party","Liberal Party",6,51,339,910,731,1151,2014,"LP","Liberal Party","Liberal Party","Liberal Party","lib","Liberal",6.7,3.5,8.8,NA,NA,NA,NA,NA,NA,NA,NA,6
"CYP","Cyprus",2001-05-27,2001-05-27,"Clerides IV",0,0,0,1,56,"NO","Neoi Orizontes","New Horizons",9.3421,51,339,910,731,6,2014,"NO","New Horizons","Neoi Orizontes","Neoi Orizontes","right","Right-wing",6.5789,7.1053,7.6316,NA,NA,NA,NA,NA,NA,5459,NA,40
"FRA","France",1997-05-25,1997-06-02,"Jospin",0,0,0,1,577,"FN","Front national","National Front",9.6854,43,479,481,422,270,1999,"FN","National Front","Front national","Front national","right","Right-wing",7.4011,9.2889,0.2157,31720,113,1250720,708,1412,610,5817,610,40
"FRA","France",1997-05-25,1997-06-02,"Jospin",0,0,0,7,577,"MDC","Mouvement des citoyens","Citizens' Movement",1.3,43,479,481,422,2143,1999,"MDC","Citizens' Movement","Mouvement des citoyens","Mouvement des citoyens","com","Communist/Socialist",1.4,3,3.3,NA,NA,NA,NA,NA,NA,NA,NA,14
"FRA","France",1997-05-25,1997-06-02,"Jospin",0,1,0,39,577,"PCF","Parti communiste française","French Communist Party",1.3741,43,479,481,422,686,1999,"PCF","French Communist Party","Parti communiste française","Parti communiste francais","com","Communist/Socialist",1.056,4.5083,2.3595,31220,102,1250220,701,1403,601,5845,601,14
"FRA","France",1997-05-25,1997-06-02,"Jospin",0,0,0,13,577,"PRG","Parti radical de gauche","Radical Party of the Left",4.0813,43,479,481,422,1492,1999,"PRG","Radical Party of the Left","Parti radical de gauche","Parti radical de gauche","soc","Social democracy",4.1676,4.2381,7.9361,NA,106,1250337,NA,1407,603,NA,603,11
"FRA","France",1997-05-25,1997-06-02,"Jospin",0,1,1,252,577,"PS","Parti socialiste","Socialist Party",3.2493,43,479,481,422,1539,1999,"PS","Socialist Party","Parti socialiste","Parti socialiste","soc","Social democracy",3.248,2.9367,7.9448,31320,104,1250320,702,1404,602,5859,602,11
"FRA","France",1997-05-25,1997-06-02,"Jospin",0,1,0,0,577,"RCV","Parti radical-socialiste -- Mouvement des citoyens -- Les verts","Radical-Socialist Party -- Citizens' Movement -- Greens",1.3,43,479,481,422,2271,1999,"RCV","Radical-Socialist Party -- Citizens' Movement -- Greens","Parti radical-socialiste -- Mouvement des citoyens -- Les verts","Parti radical-socialiste -- Mouvement des citoyens -- Les verts","com","Communist/Socialist",1.4,3,3.3,NA,NA,NA,NA,NA,NA,NA,NA,14
"FRA","France",1997-05-25,1997-06-02,"Jospin",0,0,0,139,577,"RPR","Rassemblement pour la république","Rally for the Republic",7.4997,43,479,481,422,138,1999,"RPR","Rally for the Republic","Rassemblement pour la république","Rassemblement pour la republique","con","Conservative",6.5934,7.1854,6.9862,31621,NA,NA,706,1411,609,5887,609,26
"FRA","France",1997-05-25,1997-06-02,"Jospin",0,0,0,111,577,"UDF","Union pour la démocratie française","Union for French Democracy",6.1017,43,479,481,422,509,1999,"UDF","Union for French Democracy","Union pour la démocratie française","Union pour la democratie francaise","con","Conservative",6.2021,5.4999,8.8995,31624,NA,NA,705,1409,NA,5901,613,26
"FRA","France",1997-05-25,1997-06-02,"Jospin",0,0,0,8,577,"V","Les Verts","Greens",3.155,43,479,481,422,873,1999,"V","Greens","Les Verts","Les Verts","eco","Green/Ecologist",2.8774,1.4772,6.4585,31110,103,1250110,703,1406,605,5929,605,19
"FRA","France",1997-05-25,1997-06-02,"Jospin",0,0,0,6,577,"droite","divers droite","other right",7.6583,43,479,481,422,285,1999,"droite","other right","divers droite","divers droite","con","Conservative",9,9,5.8333,NA,NA,NA,NA,NA,NA,NA,618,26
"FRA","France",1997-05-25,1997-06-02,"Jospin",0,0,0,1,577,"etc","divers","others",NA,43,479,481,422,1328,1999,"etc","others","divers","divers","none","no family",NA,NA,NA,NA,NA,NA,NA,NA,NA,NA,NA,12
"FRA","France",2002-06-09,2007-05-18,"Fillon I",0,1,0,0,577,"NC","Nouveau centre","New Centre",6,43,403,807,46,1058,2006,"NC","New Centre","Nouveau centre","Nouveau centre","lib","Liberal",6.7,3.5,8.8,NA,NA,NA,NA,NA,NA,NA,NA,6
"FRA","France",2002-06-09,2007-05-18,"Fillon I",0,0,0,21,577,"PCF","Parti communiste française","French Communist Party",1.3741,43,403,807,46,686,2006,"PCF","French Communist Party","Parti communiste française","Parti communiste francais","com","Communist/Socialist",1.056,4.5083,2.3595,31220,102,1250220,701,1403,601,5845,601,14
"FRA","France",2002-06-09,2007-05-18,"Fillon I",0,0,0,141,577,"PS","Parti socialiste","Socialist Party",3.2493,43,403,807,46,1539,2006,"PS","Socialist Party","Parti socialiste","Parti socialiste","soc","Social democracy",3.248,2.9367,7.9448,31320,104,1250320,702,1404,602,5859,602,11
"FRA","France",2002-06-09,2007-05-18,"Fillon I",0,0,0,29,577,"UDF","Union pour la démocratie française","Union for French Democracy",6.1017,43,403,807,46,509,2006,"UDF","Union for French Democracy","Union pour la démocratie française","Union pour la democratie francaise","con","Conservative",6.2021,5.4999,8.8995,31624,NA,NA,705,1409,NA,5901,613,26
"FRA","France",2002-06-09,2007-05-18,"Fillon I",0,1,1,365,577,"UMP","Union pour un mouvement populaire","Union for a Popular Movement",7.4997,43,403,807,46,658,2006,"UMP","Union for a Popular Movement","Union pour un mouvement populaire","Union pour un mouvement populaire","con","Conservative",6.5934,7.1854,6.9862,31626,110,1250626,706,1411,609,5887,609,26
"FRA","France",2002-06-09,2007-05-18,"Fillon I",0,0,0,21,577,"none","sans étiquette","no party affiliation",NA,43,403,807,46,947,2006,"none","no party affiliation","sans étiquette","sans etiquette","none","no family",NA,NA,NA,NA,NA,NA,NA,NA,NA,NA,NA,12
"FRA","France",2007-06-10,2012-05-15,"Ayrault I",0,0,0,24,577,"GDR","Gauche démocrate et républicaine","Democratic and Republican Left",1.3,43,171,1037,883,2272,2010,"GDR","Democratic and Republican Left","Gauche démocrate et républicaine","Gauche democrate et republicaine","com","Communist/Socialist",1.4,3,3.3,NA,NA,NA,NA,NA,NA,NA,NA,14
"FRA","France",2007-06-10,2012-05-15,"Ayrault I",0,0,0,23,577,"NC","Nouveau centre","New Centre",6,43,171,1037,883,1058,2010,"NC","New Centre","Nouveau centre","Nouveau centre","lib","Liberal",6.7,3.5,8.8,NA,NA,NA,NA,NA,NA,NA,NA,6
"FRA","France",2007-06-10,2012-05-15,"Ayrault I",0,1,0,0,577,"PRG","Parti radical de gauche","Radical Party of the Left",4.0813,43,171,1037,883,1492,2010,"PRG","Radical Party of the Left","Parti radical de gauche","Parti radical de gauche","soc","Social democracy",4.1676,4.2381,7.9361,NA,106,1250337,NA,1407,603,NA,603,11
"FRA","France",2007-06-10,2012-05-15,"Ayrault I",0,1,1,204,577,"PS","Parti socialiste","Socialist Party",3.2493,43,171,1037,883,1539,2010,"PS","Socialist Party","Parti socialiste","Parti socialiste","soc","Social democracy",3.248,2.9367,7.9448,31320,104,1250320,702,1404,602,5859,602,11
"FRA","France",2007-06-10,2012-05-15,"Ayrault I",0,0,0,320,577,"UMP","Union pour un mouvement populaire","Union for a Popular Movement",7.4997,43,171,1037,883,658,2010,"UMP","Union for a Popular Movement","Union pour un mouvement populaire","Union pour un mouvement populaire","con","Conservative",6.5934,7.1854,6.9862,31626,110,1250626,706,1411,609,5887,609,26
"FRA","France",2007-06-10,2012-05-15,"Ayrault I",0,1,0,0,577,"V","Les Verts","Greens",3.155,43,171,1037,883,873,2010,"V","Greens","Les Verts","Les Verts","eco","Green/Ecologist",2.8774,1.4772,6.4585,31110,103,1250110,703,1406,605,5929,605,19
"FRA","France",2007-06-10,2012-05-15,"Ayrault I",0,0,0,6,577,"none","sans étiquette","no party affiliation",NA,43,171,1037,883,947,2010,"none","no party affiliation","sans étiquette","sans etiquette","none","no family",NA,NA,NA,NA,NA,NA,NA,NA,NA,NA,NA,12
"GRC","Greece",2009-10-04,2011-11-11,"Papademos",1,0,0,21,300,"KKE","Kommounistikó Kómma Elládas","Communist Party of Greece",1.253,41,651,984,224,614,2010,"KKE","Communist Party of Greece","Kommounistikó Kómma Elládas","Kommunistiko Koma Ellados","com","Communist/Socialist",0.8404,5.1503,0.2722,34210,151,1300210,NA,NA,404,6123,404,14
"GRC","Greece",2009-10-04,2011-11-11,"Papademos",1,1,0,15,300,"LAOS","Laïkós Orthódoxos Synagermós","Popular Orthodox Rally",9.11,41,651,984,224,1179,2010,"LAOS","Popular Orthodox Rally","Laïkós Orthódoxos Synagermós","Laikos Orthodoxos Synagermos","right","Right-wing",5.33,9.63,2.3,NA,152,1300703,NA,NA,NA,NA,410,40
"GRC","Greece",2009-10-04,2011-11-11,"Papademos",1,1,0,91,300,"ND","Néa Ðimokratía","New Democracy",6.7365,41,651,984,224,47,2010,"ND","New Democracy","Néa Ðimokratía","Nea Dimokratia","chr","Christian democracy",6.9754,6.6712,8.9869,34511,153,1300511,NA,NA,402,6143,402,3
"GRC","Greece",2009-10-04,2011-11-11,"Papademos",1,1,0,160,300,"PASOK","Panellinio Sosialistikó Kínima","Panhellenic Socialist Movement",4.4968,41,651,984,224,1338,2010,"PASOK","Panhellenic Socialist Movement","Panellinio Sosialistikó Kínima","Panhellinio Socialistiko Kinema","soc","Social democracy",4.8797,3.6025,9.2535,34313,155,1300313,NA,NA,401,6163,401,11
"GRC","Greece",2009-10-04,2011-11-11,"Papademos",1,0,0,13,300,"SYRIZA","Synaspismós Rizospastikís Aristerás","Coalition of the Radical Left",2.8947,41,651,984,224,1592,2010,"SYRIZA","Coalition of the Radical Left","Synaspismós Rizospastikís Aristerás","Synaspismos Rizospastikis Aristeras","com","Communist/Socialist",2.9123,2.0066,7.1382,NA,156,1300215,NA,NA,NA,6183,NA,14
"GRC","Greece",2009-10-04,2011-11-11,"Papademos",1,1,1,0,300,"none","no party affiliation","no party affiliation",NA,41,651,984,224,1358,2010,"none","no party affiliation","no party affiliation","no party affiliation","none","no family",NA,NA,NA,NA,NA,NA,NA,NA,NA,NA,NA,12
"GRC","Greece",2012-05-06,2012-05-16,"Pikramenos",1,0,0,33,300,"AE","Anexartitoi Ellines","Independent Greeks",8.7,41,783,1039,984,2091,2010,"AE","Independent Greeks","Anexartitoi Ellines","Anexartitoi Ellines","right","Right-wing",5.9,8.6,2.4,NA,NA,NA,NA,NA,NA,NA,NA,40
"GRC","Greece",2012-05-06,2012-05-16,"Pikramenos",1,0,0,19,300,"DIMAR","Dimokratiki Aristera","Democratic Left",3.3,41,783,1039,984,2093,2010,"DIMAR","Democratic Left","Dimokratiki Aristera","Dimokratiki Aristera","soc","Social democracy",3.5,3.6,8.1,NA,NA,NA,NA,NA,NA,NA,NA,11
"GRC","Greece",2012-05-06,2012-05-16,"Pikramenos",1,0,0,26,300,"KKE","Kommounistikó Kómma Elládas","Communist Party of Greece",1.253,41,783,1039,984,614,2010,"KKE","Communist Party of Greece","Kommounistikó Kómma Elládas","Kommunistiko Koma Ellados","com","Communist/Socialist",0.8404,5.1503,0.2722,34210,151,1300210,NA,NA,404,6123,404,14
"GRC","Greece",2012-05-06,2012-05-16,"Pikramenos",1,0,0,21,300,"LS-CA","Laikos Syndesmos – Chrysi Avg","Peoples Association -- Golden Dawn",8.7,41,783,1039,984,2092,2010,"LS-CA","Peoples Association -- Golden Dawn","Laikos Syndesmos – Chrysi Avg","Laikos Syndesmos -- Chrysi Avg","right","Right-wing",5.9,8.6,2.4,NA,NA,NA,NA,NA,NA,NA,NA,40
"GRC","Greece",2012-05-06,2012-05-16,"Pikramenos",1,0,0,108,300,"ND","Néa Ðimokratía","New Democracy",6.7365,41,783,1039,984,47,2010,"ND","New Democracy","Néa Ðimokratía","Nea Dimokratia","chr","Christian democracy",6.9754,6.6712,8.9869,34511,153,1300511,NA,NA,402,6143,402,3
"GRC","Greece",2012-05-06,2012-05-16,"Pikramenos",1,0,0,41,300,"PASOK","Panellinio Sosialistikó Kínima","Panhellenic Socialist Movement",4.4968,41,783,1039,984,1338,2010,"PASOK","Panhellenic Socialist Movement","Panellinio Sosialistikó Kínima","Panhellinio Socialistiko Kinema","soc","Social democracy",4.8797,3.6025,9.2535,34313,155,1300313,NA,NA,401,6163,401,11
"GRC","Greece",2012-05-06,2012-05-16,"Pikramenos",1,0,0,52,300,"SYRIZA","Synaspismós Rizospastikís Aristerás","Coalition of the Radical Left",2.8947,41,783,1039,984,1592,2010,"SYRIZA","Coalition of the Radical Left","Synaspismós Rizospastikís Aristerás","Synaspismos Rizospastikis Aristeras","com","Communist/Socialist",2.9123,2.0066,7.1382,NA,156,1300215,NA,NA,NA,6183,NA,14
"GRC","Greece",2012-05-06,2012-05-16,"Pikramenos",1,1,1,0,300,"none","no party affiliation","no party affiliation",NA,41,783,1039,984,1358,2010,"none","no party affiliation","no party affiliation","no party affiliation","none","no family",NA,NA,NA,NA,NA,NA,NA,NA,NA,NA,NA,12
"HRV","Croatia",2000-01-03,2002-07-30,"Racan III",0,0,0,46,151,"HDZ","Hrvatska demokratska zajednica","Croatian Democratic Union",7.1053,62,797,1051,1050,276,NA,"HDZ","Croatian Democratic Union","Hrvatska demokratska zajednica","Hrvatska demokratska zajednica","chr","Christian democracy",5.7018,6.9298,7.1053,81711,NA,NA,NA,NA,NA,1094,3101,3
"HRV","Croatia",2000-01-03,2002-07-30,"Racan III",0,1,0,2,151,"HNS","Hrvatska narodna stranka – Liberalni demokrati","Croatian People's Party -- Liberal Democrats",1.8421,62,797,1051,1050,1384,NA,"HNS","Croatian People's Party -- Liberal Democrats","Hrvatska narodna stranka – Liberalni demokrati","Hrvatska narodna stranka -- Liberalni demokrati","lib","Liberal",6.5789,1.7544,8.9474,81712,NA,NA,NA,NA,NA,1120,3105,6
"HRV","Croatia",2000-01-03,2002-07-30,"Racan III",0,0,0,24,151,"HSLS","Hrvatska socijalno liberalna stranka","Croatian Social Liberal Party",7.193,62,797,1051,1050,1102,NA,"HSLS","Croatian Social Liberal Party","Hrvatska socijalno liberalna stranka","Hrvatska socijalno liberalna stranka","lib","Liberal",4.6491,5.5263,5.0877,81410,NA,NA,NA,NA,NA,1146,3104,6
"HRV","Croatia",2000-01-03,2002-07-30,"Racan III",0,0,0,5,151,"HSP","Hrvatska stranka prava","Croatian Party of Right",8.7719,62,797,1051,1050,1044,NA,"HSP","Croatian Party of Right","Hrvatska stranka prava","Hrvatska stranka prava","right","Right-wing",3.5088,7.3684,3.3333,81713,NA,NA,NA,NA,NA,1172,3109,40
"HRV","Croatia",2000-01-03,2002-07-30,"Racan III",0,1,0,17,151,"HSS","Hrvatska seljacka stranka","Croatian Peasant Party",6.2281,62,797,1051,1050,1465,NA,"HSS","Croatian Peasant Party","Hrvatska seljacka stranka","Hrvatska seljacka stranka","agr","Agrarian",4.2982,7.807,6.2281,81810,NA,NA,NA,NA,NA,1198,3103,2
"HRV","Croatia",2000-01-03,2002-07-30,"Racan III",0,0,0,4,151,"IDS","Istarski demokratski sabor","Istrian Democratic Assembly",3.4211,62,797,1051,1050,1627,NA,"IDS","Istrian Democratic Assembly","Istarski demokratski sabor","Istarski demokratski sabor","lib","Liberal",6.2281,2.5439,9.2105,81953,NA,NA,NA,NA,NA,1224,NA,6
"HRV","Croatia",2000-01-03,2002-07-30,"Racan III",0,1,0,0,151,"LIBRA","LIBRA – Stranka liberalnih demokrata","Party of Liberal Democrats",3.7719,62,797,1051,1050,90,NA,"LIBRA","Party of Liberal Democrats","LIBRA – Stranka liberalnih demokrata","LIBRA -- Stranka liberalnih demokrata","lib","Liberal",6.7544,3.2456,8.6842,NA,NA,NA,NA,NA,NA,1250,NA,6
"HRV","Croatia",2000-01-03,2002-07-30,"Racan III",0,1,0,2,151,"LS","Liberalna stranka","Liberal Party",2.807,62,797,1051,1050,1457,NA,"LS","Liberal Party","Liberalna stranka","Liberalna stranka","lib","Liberal",6.5789,1.4035,8.5965,NA,NA,NA,NA,NA,NA,1276,NA,6
"HRV","Croatia",2000-01-03,2002-07-30,"Racan III",0,0,0,2,151,"PGS","Primorsko goranski savez","Alliance of Primorje-Gorski",NA,62,797,1051,1050,2196,NA,"PGS","Alliance of Primorje-Gorski","Primorsko goranski savez","Primorsko goranski savez","spec","Special issue",NA,NA,NA,NA,NA,NA,NA,NA,NA,NA,NA,16
"HRV","Croatia",2000-01-03,2002-07-30,"Racan III",0,1,1,44,151,"SPH","Socijaldemokratska partija Hrvatske","Social Democratic Party of Croatia",3.2456,62,797,1051,1050,1493,NA,"SPH","Social Democratic Party of Croatia","Socijaldemokratska partija Hrvatske","Socijaldemokratska partija Hrvatske","soc","Social democracy",5.5263,2.3684,8.7719,81223,NA,NA,NA,NA,NA,1302,3102,11
"HRV","Croatia",2000-01-03,2002-07-30,"Racan III",0,0,0,1,151,"ethnic","ethnic","ethnic",NA,62,797,1051,1050,2192,NA,"ethnic","ethnic","ethnic","ethnic","none","no family",NA,NA,NA,NA,NA,NA,NA,NA,NA,NA,NA,12
"HRV","Croatia",2000-01-03,2002-07-30,"Racan III",0,0,0,3,151,"none","no party affiliation","no party affiliation",NA,62,797,1051,1050,2197,NA,"none","no party affiliation","no party affiliation","no party affiliation","none","no family",NA,NA,NA,NA,NA,NA,NA,NA,NA,NA,NA,12
"HRV","Croatia",2000-01-03,2002-07-30,"Racan III",0,0,0,1,151,"one-seat","one seat","one seat",NA,62,797,1051,1050,2295,NA,"one-seat","one seat","one seat","one seat","none","no family",NA,NA,NA,NA,NA,NA,NA,NA,NA,NA,NA,12
"HRV","Croatia",2003-11-23,2003-12-23,"Sanander I",0,1,0,0,152,"DC","Demokratski centar","Democratic Centre",5.9649,62,795,1052,1051,1081,NA,"DC","Democratic Centre","Demokratski centar","Demokratski centar","lib","Liberal",4.8421,6.4912,7.3684,NA,NA,NA,NA,NA,NA,1042,NA,6
"HRV","Croatia",2003-11-23,2003-12-23,"Sanander I",0,0,0,1,152,"HDSS","Hrvatska demokratska seljacka stranka","Croatian Democratic Peasant Party",5.1,62,795,1052,1051,2198,NA,"HDSS","Croatian Democratic Peasant Party","Hrvatska demokratska seljacka stranka","Hrvatska demokratska seljacka stranka","agr","Agrarian",4.9,6.7,5.5,NA,NA,NA,NA,NA,NA,NA,NA,2
"HRV","Croatia",2003-11-23,2003-12-23,"Sanander I",0,1,1,66,152,"HDZ","Hrvatska demokratska zajednica","Croatian Democratic Union",7.1053,62,795,1052,1051,276,NA,"HDZ","Croatian Democratic Union","Hrvatska demokratska zajednica","Hrvatska demokratska zajednica","chr","Christian democracy",5.7018,6.9298,7.1053,81711,NA,NA,NA,NA,NA,1094,3101,3
"HRV","Croatia",2003-11-23,2003-12-23,"Sanander I",0,0,0,10,152,"HNS","Hrvatska narodna stranka – Liberalni demokrati","Croatian People's Party -- Liberal Democrats",1.8421,62,795,1052,1051,1384,NA,"HNS","Croatian People's Party -- Liberal Democrats","Hrvatska narodna stranka – Liberalni demokrati","Hrvatska narodna stranka -- Liberalni demokrati","lib","Liberal",6.5789,1.7544,8.9474,81712,NA,NA,NA,NA,NA,1120,3105,6
"HRV","Croatia",2003-11-23,2003-12-23,"Sanander I",0,0,0,2,152,"HSLS","Hrvatska socijalno liberalna stranka","Croatian Social Liberal Party",7.193,62,795,1052,1051,1102,NA,"HSLS","Croatian Social Liberal Party","Hrvatska socijalno liberalna stranka","Hrvatska socijalno liberalna stranka","lib","Liberal",4.6491,5.5263,5.0877,81410,NA,NA,NA,NA,NA,1146,3104,6
"HRV","Croatia",2003-11-23,2003-12-23,"Sanander I",0,0,0,8,152,"HSP","Hrvatska stranka prava","Croatian Party of Right",8.7719,62,795,1052,1051,1044,NA,"HSP","Croatian Party of Right","Hrvatska stranka prava","Hrvatska stranka prava","right","Right-wing",3.5088,7.3684,3.3333,81713,NA,NA,NA,NA,NA,1172,3109,40
"HRV","Croatia",2003-11-23,2003-12-23,"Sanander I",0,0,0,10,152,"HSS","Hrvatska seljacka stranka","Croatian Peasant Party",6.2281,62,795,1052,1051,1465,NA,"HSS","Croatian Peasant Party","Hrvatska seljacka stranka","Hrvatska seljacka stranka","agr","Agrarian",4.2982,7.807,6.2281,81810,NA,NA,NA,NA,NA,1198,3103,2
"HRV","Croatia",2003-11-23,2003-12-23,"Sanander I",0,0,0,3,152,"HSU","Hrvatska stranka umirovljenika","Croatian Party of Pensioners",NA,62,795,1052,1051,2134,NA,"HSU","Croatian Party of Pensioners","Hrvatska stranka umirovljenika","Hrvatska stranka umirovljenika","spec","Special issue",NA,NA,NA,NA,NA,NA,NA,NA,NA,NA,3108,16
"HRV","Croatia",2003-11-23,2003-12-23,"Sanander I",0,0,0,4,152,"IDS","Istarski demokratski sabor","Istrian Democratic Assembly",3.4211,62,795,1052,1051,1627,NA,"IDS","Istrian Democratic Assembly","Istarski demokratski sabor","Istarski demokratski sabor","lib","Liberal",6.2281,2.5439,9.2105,81953,NA,NA,NA,NA,NA,1224,NA,6
"HRV","Croatia",2003-11-23,2003-12-23,"Sanander I",0,0,0,3,152,"LIBRA","LIBRA – Stranka liberalnih demokrata","Party of Liberal Democrats",3.7719,62,795,1052,1051,90,NA,"LIBRA","Party of Liberal Democrats","LIBRA – Stranka liberalnih demokrata","LIBRA -- Stranka liberalnih demokrata","lib","Liberal",6.7544,3.2456,8.6842,NA,NA,NA,NA,NA,NA,1250,NA,6
"HRV","Croatia",2003-11-23,2003-12-23,"Sanander I",0,0,0,2,152,"LS","Liberalna stranka","Liberal Party",2.807,62,795,1052,1051,1457,NA,"LS","Liberal Party","Liberalna stranka","Liberalna stranka","lib","Liberal",6.5789,1.4035,8.5965,NA,NA,NA,NA,NA,NA,1276,NA,6
"HRV","Croatia",2003-11-23,2003-12-23,"Sanander I",0,0,0,1,152,"PGS","Primorsko goranski savez","Alliance of Primorje-Gorski",NA,62,795,1052,1051,2196,NA,"PGS","Alliance of Primorje-Gorski","Primorsko goranski savez","Primorsko goranski savez","spec","Special issue",NA,NA,NA,NA,NA,NA,NA,NA,NA,NA,NA,16
"HRV","Croatia",2003-11-23,2003-12-23,"Sanander I",0,0,0,1,152,"SDA","Stranka demokratske akcije Hrvatske","Party of Democratic Action of Croatia",7.4,62,795,1052,1051,2270,NA,"SDA","Party of Democratic Action of Croatia","Stranka demokratske akcije Hrvatske","Stranka demokratske akcije Hrvatske","con","Conservative",6.4,6.9,7.8,NA,NA,NA,NA,NA,NA,NA,NA,26
"HRV","Croatia",2003-11-23,2003-12-23,"Sanander I",0,0,0,3,152,"SDSS","Samostalna demokratska srpska stranka"," Independent Democratic Serb Party",3.3,62,795,1052,1051,2133,NA,"SDSS"," Independent Democratic Serb Party","Samostalna demokratska srpska stranka","Samostalna demokratska srpska stranka","soc","Social democracy",3.5,3.6,8.1,NA,NA,NA,NA,NA,NA,NA,3110,11
"HRV","Croatia",2003-11-23,2003-12-23,"Sanander I",0,0,0,34,152,"SPH","Socijaldemokratska partija Hrvatske","Social Democratic Party of Croatia",3.2456,62,795,1052,1051,1493,NA,"SPH","Social Democratic Party of Croatia","Socijaldemokratska partija Hrvatske","Socijaldemokratska partija Hrvatske","soc","Social democracy",5.5263,2.3684,8.7719,81223,NA,NA,NA,NA,NA,1302,3102,11
"HRV","Croatia",2003-11-23,2003-12-23,"Sanander I",0,0,0,4,152,"none","no party affiliation","no party affiliation",NA,62,795,1052,1051,2197,NA,"none","no party affiliation","no party affiliation","no party affiliation","none","no family",NA,NA,NA,NA,NA,NA,NA,NA,NA,NA,NA,12
"HUN","Hungary",2006-04-09,2009-04-14,"Bajnai",0,0,0,141,386,"Fi-MPSz","Fidesz – Magyar Polgári Szövetség","Fidesz -- Hungarian Civic Union",6.5432,39,194,162,706,921,2010,"Fi-MPSz","Fidesz -- Hungarian Civic Union","Fidesz – Magyar Polgári Szövetség","Fidesz -- Magyar Polgari Szovetseg","con","Conservative",3.9949,7.5275,6.6143,86421,157,1348421,NA,1603,NA,1872,2302,26
"HUN","Hungary",2006-04-09,2009-04-14,"Bajnai",0,0,0,23,386,"KDNP","Kereszténydemokrata Néppárt","Christian Democratic People's Party",7.4,39,194,162,706,434,2010,"KDNP","Christian Democratic People's Party","Kereszténydemokrata Néppárt","Keresztenydemokrata Neppart","chr","Christian democracy",2.17,8.33,5.8333,86522,NA,1348526,NA,1604,NA,NA,2307,3
"HUN","Hungary",2006-04-09,2009-04-14,"Bajnai",0,0,0,11,386,"MDF","Magyar Demokrata Fórum","Hungarian Democratic Forum",6.4826,39,194,162,706,546,2010,"MDF","Hungarian Democratic Forum","Magyar Demokrata Fórum","Magyar Demokrata Forum","con","Conservative",5.0761,6.8263,8.4922,86521,159,1348521,NA,1605,NA,1924,2303,26
"HUN","Hungary",2006-04-09,2009-04-14,"Bajnai",0,1,0,190,386,"MSZP","Magyar Szocialista Párt","Hungarian Socialist Party",2.8743,39,194,162,706,1591,2010,"MSZP","Hungarian Socialist Party","Magyar Szocialista Párt","Magyar Szocialista Part","soc","Social democracy",5.5702,3.5897,9.6567,86220,162,1348220,NA,1601,NA,1976,2301,11
"HUN","Hungary",2006-04-09,2009-04-14,"Bajnai",0,0,0,20,386,"SzDSz","Szabad Demokraták Szövetsége","Alliance of Free Democrats",3.9659,39,194,162,706,1426,2010,"SzDSz","Alliance of Free Democrats","Szabad Demokraták Szövetsége","Szabad Demokratak Szovetsege","lib","Liberal",7.7361,1.4381,9.7873,86422,163,1348422,NA,1602,NA,2028,2304,6
"HUN","Hungary",2006-04-09,2009-04-14,"Bajnai",0,1,1,0,386,"none","független","no party affiliation",NA,39,194,162,706,1617,2010,"none","no party affiliation","független","fuggetlen","none","no family",NA,NA,NA,NA,NA,NA,NA,NA,NA,NA,NA,12
"HUN","Hungary",2006-04-09,2009-04-14,"Bajnai",0,0,0,1,386,"one-seat","one seat","one seat",NA,39,194,162,706,952,2010,"one-seat","one seat","one seat","one seat","none","no family",NA,NA,NA,NA,NA,NA,NA,NA,NA,NA,NA,12
"ITA","Italy",1996-04-21,1998-10-21,"D'Alema I",0,0,0,91,630,"AN","Alleanza Nazionale","National Alliance",8.0871,26,551,214,276,373,1999,"AN","National Alliance","Alleanza Nazionale","Alleanza Nazionale","con","Conservative",4.9559,8.8366,4.3389,32710,NA,NA,NA,NA,805,6606,805,26
"ITA","Italy",1996-04-21,1998-10-21,"D'Alema I",0,0,0,9,630,"CCD","Centro Cristiano Democratico","Christian Democratic Centre",5.9067,26,551,214,276,99,1999,"CCD","Christian Democratic Centre","Centro Cristiano Democratico","Centro Cristiano Democratico","chr","Christian democracy",5.1167,7.5833,8.5,32521,NA,NA,NA,NA,815,NA,814,3
"ITA","Italy",1996-04-21,1998-10-21,"D'Alema I",0,1,1,170,630,"DS","Democratici di Sinistra","Democrats of the Left",2.6277,26,551,214,276,809,1999,"DS","Democrats of the Left","Democratici di Sinistra","Democratici di Sinistra","soc","Social democracy",3.1839,2.5869,9.069,32220,NA,NA,NA,2102,802,6626,802,11
"ITA","Italy",1996-04-21,1998-10-21,"D'Alema I",0,0,0,111,630,"FI-PdL","Forza Italia – Il Popolo della Libertà","Go Italy -- The People of Freedom",7.1459,26,551,214,276,596,1999,"FI-PdL","Go Italy -- The People of Freedom","Forza Italia – Il Popolo della Libertà","Forza Italia -- Il Popolo della Liberta","con","Conservative",7.913,6.5983,5.0946,32610,186,1380630,NA,NA,816,6646,815,26
"ITA","Italy",1996-04-21,1998-10-21,"D'Alema I",0,1,0,14,630,"FdV","Federazione dei Verdi","Federation of the Greens",2.3725,26,551,214,276,910,1999,"FdV","Federation of the Greens","Federazione dei Verdi","Federazione dei Verdi","eco","Green/Ecologist",2.9566,1.0675,7.4499,32110,NA,NA,NA,2103,808,6666,808,19
"ITA","Italy",1996-04-21,1998-10-21,"D'Alema I",0,0,0,55,630,"LN","Lega Nord","North League",7.8007,26,551,214,276,1436,1999,"LN","North League","Lega Nord","Lega Nord","right","Right-wing",7.9138,7.9003,3.2088,32720,178,1380720,NA,2109,812,6706,811,40
"ITA","Italy",1996-04-21,1998-10-21,"D'Alema I",0,0,0,14,630,"PRC","Partito della Rifondazione Comunista","Communist Refoundation Party",0.8849,26,551,214,276,1321,1999,"PRC","Communist Refoundation Party","Partito della Rifondazione Comunista","Partito della Rifondazione Comunista","com","Communist/Socialist",0.6622,1.9878,3.5439,32212,181,1380212,NA,2101,803,6806,803,14
"ITA","Italy",1996-04-21,1998-10-21,"D'Alema I",0,1,0,21,630,"PdCI","Partito dei Comunisti Italiani","Party of the Italian Communists",1.0423,26,551,214,276,1661,1999,"PdCI","Party of the Italian Communists","Partito dei Comunisti Italiani","Partito dei Comunisti Italiani","com","Communist/Socialist",0.9046,1.2704,4.5086,32213,NA,NA,NA,NA,NA,6766,836,14
"ITA","Italy",1996-04-21,1998-10-21,"D'Alema I",0,1,0,67,630,"PpP","Popolari per Prodi","Popular Party for Prodi",6.2,26,551,214,276,840,1999,"PpP","Popular Party for Prodi","Popolari per Prodi","Popolari per Prodi","chr","Christian democracy",5.7,7.2,8.3,NA,NA,NA,NA,NA,NA,NA,NA,3
"ITA","Italy",1996-04-21,1998-10-21,"D'Alema I",0,1,0,23,630,"RiI","Rinnovamento Italiano","Italian Renewal",5.0317,26,551,214,276,630,1999,"RiI","Italian Renewal","Rinnovamento Italiano","Rinnovamento Italiano","soc","Social democracy",5.9683,5.515,8.6833,32321,NA,NA,NA,NA,NA,NA,825,11
"ITA","Italy",1996-04-21,1998-10-21,"D'Alema I",0,1,0,0,630,"SDI","Socialisti Democratici Italiani","Italian Democrat Socialists",3.9895,26,551,214,276,1278,1999,"SDI","Italian Democrat Socialists","Socialisti Democratici Italiani","Socialisti Democratici Italiani","soc","Social democracy",4.3906,3.208,7.0658,NA,NA,NA,NA,NA,NA,6826,NA,11
"ITA","Italy",1996-04-21,1998-10-21,"D'Alema I",0,1,0,31,630,"UDR","Unione dei democratici per la repubblica","Union of republican democrats",6.2,26,551,214,276,1145,1999,"UDR","Union of republican democrats","Unione dei democratici per la repubblica","Unione dei democratici per la repubblica","chr","Christian democracy",5.7,7.2,8.3,NA,NA,NA,NA,NA,NA,NA,NA,3
"ITA","Italy",1996-04-21,1998-10-21,"D'Alema I",0,0,0,7,630,"etc","diversi","others",NA,26,551,214,276,825,1999,"etc","others","diversi","diversi","none","no family",NA,NA,NA,NA,NA,NA,NA,NA,NA,NA,NA,12
"ITA","Italy",1996-04-21,1998-10-21,"D'Alema I",0,0,0,17,630,"none","senzo partito","no party affiliation",NA,26,551,214,276,1552,1999,"none","no party affiliation","senzo partito","senzo partito","none","no family",NA,NA,NA,NA,NA,NA,NA,NA,NA,NA,NA,12
"ITA","Italy",1996-04-21,1999-12-21,"D'Alema II",0,0,0,91,630,"AN","Alleanza Nazionale","National Alliance",8.0871,26,551,522,214,373,1999,"AN","National Alliance","Alleanza Nazionale","Alleanza Nazionale","con","Conservative",4.9559,8.8366,4.3389,32710,NA,NA,NA,NA,805,6606,805,26
"ITA","Italy",1996-04-21,1999-12-21,"D'Alema II",0,0,0,9,630,"CCD","Centro Cristiano Democratico","Christian Democratic Centre",5.9067,26,551,522,214,99,1999,"CCD","Christian Democratic Centre","Centro Cristiano Democratico","Centro Cristiano Democratico","chr","Christian democracy",5.1167,7.5833,8.5,32521,NA,NA,NA,NA,815,NA,814,3
"ITA","Italy",1996-04-21,1999-12-21,"D'Alema II",0,1,1,170,630,"DS","Democratici di Sinistra","Democrats of the Left",2.6277,26,551,522,214,809,1999,"DS","Democrats of the Left","Democratici di Sinistra","Democratici di Sinistra","soc","Social democracy",3.1839,2.5869,9.069,32220,NA,NA,NA,2102,802,6626,802,11
"ITA","Italy",1996-04-21,1999-12-21,"D'Alema II",0,0,0,111,630,"FI-PdL","Forza Italia – Il Popolo della Libertà","Go Italy -- The People of Freedom",7.1459,26,551,522,214,596,1999,"FI-PdL","Go Italy -- The People of Freedom","Forza Italia – Il Popolo della Libertà","Forza Italia -- Il Popolo della Liberta","con","Conservative",7.913,6.5983,5.0946,32610,186,1380630,NA,NA,816,6646,815,26
"ITA","Italy",1996-04-21,1999-12-21,"D'Alema II",0,1,0,14,630,"FdV","Federazione dei Verdi","Federation of the Greens",2.3725,26,551,522,214,910,1999,"FdV","Federation of the Greens","Federazione dei Verdi","Federazione dei Verdi","eco","Green/Ecologist",2.9566,1.0675,7.4499,32110,NA,NA,NA,2103,808,6666,808,19
"ITA","Italy",1996-04-21,1999-12-21,"D'Alema II",0,1,0,0,630,"ID","I Democratici","Democracy",4.0844,26,551,522,214,961,1999,"ID","Democracy","I Democratici","I Democratici","chr","Christian democracy",4.3378,4.41,9.6944,NA,NA,NA,NA,NA,NA,NA,819,3
"ITA","Italy",1996-04-21,1999-12-21,"D'Alema II",0,0,0,55,630,"LN","Lega Nord","North League",7.8007,26,551,522,214,1436,1999,"LN","North League","Lega Nord","Lega Nord","right","Right-wing",7.9138,7.9003,3.2088,32720,178,1380720,NA,2109,812,6706,811,40
"ITA","Italy",1996-04-21,1999-12-21,"D'Alema II",0,0,0,14,630,"PRC","Partito della Rifondazione Comunista","Communist Refoundation Party",0.8849,26,551,522,214,1321,1999,"PRC","Communist Refoundation Party","Partito della Rifondazione Comunista","Partito della Rifondazione Comunista","com","Communist/Socialist",0.6622,1.9878,3.5439,32212,181,1380212,NA,2101,803,6806,803,14
"ITA","Italy",1996-04-21,1999-12-21,"D'Alema II",0,1,0,21,630,"PdCI","Partito dei Comunisti Italiani","Party of the Italian Communists",1.0423,26,551,522,214,1661,1999,"PdCI","Party of the Italian Communists","Partito dei Comunisti Italiani","Partito dei Comunisti Italiani","com","Communist/Socialist",0.9046,1.2704,4.5086,32213,NA,NA,NA,NA,NA,6766,836,14
"ITA","Italy",1996-04-21,1999-12-21,"D'Alema II",0,1,0,67,630,"PpP","Popolari per Prodi","Popular Party for Prodi",6.2,26,551,522,214,840,1999,"PpP","Popular Party for Prodi","Popolari per Prodi","Popolari per Prodi","chr","Christian democracy",5.7,7.2,8.3,NA,NA,NA,NA,NA,NA,NA,NA,3
"ITA","Italy",1996-04-21,1999-12-21,"D'Alema II",0,1,0,23,630,"RiI","Rinnovamento Italiano","Italian Renewal",5.0317,26,551,522,214,630,1999,"RiI","Italian Renewal","Rinnovamento Italiano","Rinnovamento Italiano","soc","Social democracy",5.9683,5.515,8.6833,32321,NA,NA,NA,NA,NA,NA,825,11
"ITA","Italy",1996-04-21,1999-12-21,"D'Alema II",0,1,0,0,630,"UDEUR","Unione Democratici per l'Europa","Union of Democrats for Europe",5.285,26,551,522,214,399,1999,"UDEUR","Union of Democrats for Europe","Unione Democratici per l'Europa","Unione Democratici per l'Europa","chr","Christian democracy",4.61,7.195,8.3833,NA,NA,NA,NA,NA,NA,NA,829,3
"ITA","Italy",1996-04-21,1999-12-21,"D'Alema II",0,0,0,31,630,"UDR","Unione dei democratici per la repubblica","Union of republican democrats",6.2,26,551,522,214,1145,1999,"UDR","Union of republican democrats","Unione dei democratici per la repubblica","Unione dei democratici per la repubblica","chr","Christian democracy",5.7,7.2,8.3,NA,NA,NA,NA,NA,NA,NA,NA,3
"ITA","Italy",1996-04-21,1999-12-21,"D'Alema II",0,0,0,7,630,"etc","diversi","others",NA,26,551,522,214,825,1999,"etc","others","diversi","diversi","none","no family",NA,NA,NA,NA,NA,NA,NA,NA,NA,NA,NA,12
"ITA","Italy",1996-04-21,1999-12-21,"D'Alema II",0,0,0,17,630,"none","senzo partito","no party affiliation",NA,26,551,522,214,1552,1999,"none","no party affiliation","senzo partito","senzo partito","none","no family",NA,NA,NA,NA,NA,NA,NA,NA,NA,NA,NA,12
"ITA","Italy",1996-04-21,2000-04-28,"Amato II",0,0,0,91,630,"AN","Alleanza Nazionale","National Alliance",8.0871,26,551,239,522,373,1999,"AN","National Alliance","Alleanza Nazionale","Alleanza Nazionale","con","Conservative",4.9559,8.8366,4.3389,32710,NA,NA,NA,NA,805,6606,805,26
"ITA","Italy",1996-04-21,2000-04-28,"Amato II",0,0,0,9,630,"CCD","Centro Cristiano Democratico","Christian Democratic Centre",5.9067,26,551,239,522,99,1999,"CCD","Christian Democratic Centre","Centro Cristiano Democratico","Centro Cristiano Democratico","chr","Christian democracy",5.1167,7.5833,8.5,32521,NA,NA,NA,NA,815,NA,814,3
"ITA","Italy",1996-04-21,2000-04-28,"Amato II",0,1,0,170,630,"DS","Democratici di Sinistra","Democrats of the Left",2.6277,26,551,239,522,809,1999,"DS","Democrats of the Left","Democratici di Sinistra","Democratici di Sinistra","soc","Social democracy",3.1839,2.5869,9.069,32220,NA,NA,NA,2102,802,6626,802,11
"ITA","Italy",1996-04-21,2000-04-28,"Amato II",0,0,0,111,630,"FI-PdL","Forza Italia – Il Popolo della Libertà","Go Italy -- The People of Freedom",7.1459,26,551,239,522,596,1999,"FI-PdL","Go Italy -- The People of Freedom","Forza Italia – Il Popolo della Libertà","Forza Italia -- Il Popolo della Liberta","con","Conservative",7.913,6.5983,5.0946,32610,186,1380630,NA,NA,816,6646,815,26
"ITA","Italy",1996-04-21,2000-04-28,"Amato II",0,1,0,14,630,"FdV","Federazione dei Verdi","Federation of the Greens",2.3725,26,551,239,522,910,1999,"FdV","Federation of the Greens","Federazione dei Verdi","Federazione dei Verdi","eco","Green/Ecologist",2.9566,1.0675,7.4499,32110,NA,NA,NA,2103,808,6666,808,19
"ITA","Italy",1996-04-21,2000-04-28,"Amato II",0,1,0,0,630,"ID","I Democratici","Democracy",4.0844,26,551,239,522,961,1999,"ID","Democracy","I Democratici","I Democratici","chr","Christian democracy",4.3378,4.41,9.6944,NA,NA,NA,NA,NA,NA,NA,819,3
"ITA","Italy",1996-04-21,2000-04-28,"Amato II",0,0,0,55,630,"LN","Lega Nord","North League",7.8007,26,551,239,522,1436,1999,"LN","North League","Lega Nord","Lega Nord","right","Right-wing",7.9138,7.9003,3.2088,32720,178,1380720,NA,2109,812,6706,811,40
"ITA","Italy",1996-04-21,2000-04-28,"Amato II",0,1,1,0,630,"PC","Presidente del Consiglio dei ministri","Prime minister",NA,26,551,239,522,2001,1999,"PC","Prime minister","Presidente del Consiglio dei ministri","Presidente del Consiglio dei ministri","none","no family",NA,NA,NA,NA,NA,NA,NA,NA,NA,NA,NA,12
"ITA","Italy",1996-04-21,2000-04-28,"Amato II",0,0,0,14,630,"PRC","Partito della Rifondazione Comunista","Communist Refoundation Party",0.8849,26,551,239,522,1321,1999,"PRC","Communist Refoundation Party","Partito della Rifondazione Comunista","Partito della Rifondazione Comunista","com","Communist/Socialist",0.6622,1.9878,3.5439,32212,181,1380212,NA,2101,803,6806,803,14
"ITA","Italy",1996-04-21,2000-04-28,"Amato II",0,1,0,21,630,"PdCI","Partito dei Comunisti Italiani","Party of the Italian Communists",1.0423,26,551,239,522,1661,1999,"PdCI","Party of the Italian Communists","Partito dei Comunisti Italiani","Partito dei Comunisti Italiani","com","Communist/Socialist",0.9046,1.2704,4.5086,32213,NA,NA,NA,NA,NA,6766,836,14
"ITA","Italy",1996-04-21,2000-04-28,"Amato II",0,1,0,67,630,"PpP","Popolari per Prodi","Popular Party for Prodi",6.2,26,551,239,522,840,1999,"PpP","Popular Party for Prodi","Popolari per Prodi","Popolari per Prodi","chr","Christian democracy",5.7,7.2,8.3,NA,NA,NA,NA,NA,NA,NA,NA,3
"ITA","Italy",1996-04-21,2000-04-28,"Amato II",0,1,0,23,630,"RiI","Rinnovamento Italiano","Italian Renewal",5.0317,26,551,239,522,630,1999,"RiI","Italian Renewal","Rinnovamento Italiano","Rinnovamento Italiano","soc","Social democracy",5.9683,5.515,8.6833,32321,NA,NA,NA,NA,NA,NA,825,11
"ITA","Italy",1996-04-21,2000-04-28,"Amato II",0,1,0,0,630,"SDI","Socialisti Democratici Italiani","Italian Democrat Socialists",3.9895,26,551,239,522,1278,1999,"SDI","Italian Democrat Socialists","Socialisti Democratici Italiani","Socialisti Democratici Italiani","soc","Social democracy",4.3906,3.208,7.0658,NA,NA,NA,NA,NA,NA,6826,NA,11
"ITA","Italy",1996-04-21,2000-04-28,"Amato II",0,1,0,0,630,"UDEUR","Unione Democratici per l'Europa","Union of Democrats for Europe",5.285,26,551,239,522,399,1999,"UDEUR","Union of Democrats for Europe","Unione Democratici per l'Europa","Unione Democratici per l'Europa","chr","Christian democracy",4.61,7.195,8.3833,NA,NA,NA,NA,NA,NA,NA,829,3
"ITA","Italy",1996-04-21,2000-04-28,"Amato II",0,0,0,31,630,"UDR","Unione dei democratici per la repubblica","Union of republican democrats",6.2,26,551,239,522,1145,1999,"UDR","Union of republican democrats","Unione dei democratici per la repubblica","Unione dei democratici per la repubblica","chr","Christian democracy",5.7,7.2,8.3,NA,NA,NA,NA,NA,NA,NA,NA,3
"ITA","Italy",1996-04-21,2000-04-28,"Amato II",0,0,0,7,630,"etc","diversi","others",NA,26,551,239,522,825,1999,"etc","others","diversi","diversi","none","no family",NA,NA,NA,NA,NA,NA,NA,NA,NA,NA,NA,12
"ITA","Italy",1996-04-21,2000-04-28,"Amato II",0,0,0,17,630,"none","senzo partito","no party affiliation",NA,26,551,239,522,1552,1999,"none","no party affiliation","senzo partito","senzo partito","none","no family",NA,NA,NA,NA,NA,NA,NA,NA,NA,NA,NA,12
"ITA","Italy",2001-05-13,2005-05-28,"Berlusconi III",0,1,0,99,609,"AN","Alleanza Nazionale","National Alliance",8.0871,26,498,567,256,373,2006,"AN","National Alliance","Alleanza Nazionale","Alleanza Nazionale","con","Conservative",4.9559,8.8366,4.3389,32710,NA,NA,NA,NA,805,6606,805,26
"ITA","Italy",2001-05-13,2005-05-28,"Berlusconi III",0,0,0,80,609,"DL-M","Democrazia è Libertà – La Margherita","Democracy is Freedom -- The Daisy",3.9893,26,498,567,256,1005,2006,"DL-M","Democracy is Freedom -- The Daisy","Democrazia è Libertà – La Margherita","Democrazia e Liberta -- La Margherita","lib","Liberal",4.2347,4.7353,9.2935,32421,NA,NA,NA,NA,NA,6746,819,6
"ITA","Italy",2001-05-13,2005-05-28,"Berlusconi III",0,0,0,138,609,"DS","Democratici di Sinistra","Democrats of the Left",2.6277,26,498,567,256,809,2006,"DS","Democrats of the Left","Democratici di Sinistra","Democratici di Sinistra","soc","Social democracy",3.1839,2.5869,9.069,32220,NA,NA,NA,2102,802,6626,802,11
"ITA","Italy",2001-05-13,2005-05-28,"Berlusconi III",0,1,1,178,609,"FI-PdL","Forza Italia – Il Popolo della Libertà","Go Italy -- The People of Freedom",7.1459,26,498,567,256,596,2006,"FI-PdL","Go Italy -- The People of Freedom","Forza Italia – Il Popolo della Libertà","Forza Italia -- Il Popolo della Liberta","con","Conservative",7.913,6.5983,5.0946,32610,186,1380630,NA,NA,816,6646,815,26
"ITA","Italy",2001-05-13,2005-05-28,"Berlusconi III",0,0,0,17,609,"FdV","Federazione dei Verdi","Federation of the Greens",2.3725,26,498,567,256,910,2006,"FdV","Federation of the Greens","Federazione dei Verdi","Federazione dei Verdi","eco","Green/Ecologist",2.9566,1.0675,7.4499,32110,NA,NA,NA,2103,808,6666,808,19
"ITA","Italy",2001-05-13,2005-05-28,"Berlusconi III",0,1,0,30,609,"LN","Lega Nord","North League",7.8007,26,498,567,256,1436,2006,"LN","North League","Lega Nord","Lega Nord","right","Right-wing",7.9138,7.9003,3.2088,32720,178,1380720,NA,2109,812,6706,811,40
"ITA","Italy",2001-05-13,2005-05-28,"Berlusconi III",0,1,0,3,609,"NPSI","Nuovo Partito Socialisti Italiani","New PSI",5.43,26,498,567,256,1287,2006,"NPSI","New PSI","Nuovo Partito Socialisti Italiani","Nuovo Partito Socialisti Italiani","soc","Social democracy",5.67,3.57,7.2167,32611,NA,NA,NA,NA,NA,NA,835,11
"ITA","Italy",2001-05-13,2005-05-28,"Berlusconi III",0,0,0,11,609,"PRC","Partito della Rifondazione Comunista","Communist Refoundation Party",0.8849,26,498,567,256,1321,2006,"PRC","Communist Refoundation Party","Partito della Rifondazione Comunista","Partito della Rifondazione Comunista","com","Communist/Socialist",0.6622,1.9878,3.5439,32212,181,1380212,NA,2101,803,6806,803,14
"ITA","Italy",2001-05-13,2005-05-28,"Berlusconi III",0,1,0,0,609,"PRI","Partito Repubblicano Italiano","Republican Party",4.9704,26,498,567,256,93,2006,"PRI","Republican Party","Partito Repubblicano Italiano","Partito Repubblicano Italiano","lib","Liberal",5.8,5.1667,9.0278,32410,NA,NA,1006,2106,806,NA,806,6
"ITA","Italy",2001-05-13,2005-05-28,"Berlusconi III",0,0,0,9,609,"PdCI","Partito dei Comunisti Italiani","Party of the Italian Communists",1.0423,26,498,567,256,1661,2006,"PdCI","Party of the Italian Communists","Partito dei Comunisti Italiani","Partito dei Comunisti Italiani","com","Communist/Socialist",0.9046,1.2704,4.5086,32213,NA,NA,NA,NA,NA,6766,836,14
"ITA","Italy",2001-05-13,2005-05-28,"Berlusconi III",0,0,0,3,609,"SVP","Südtiroler Volkspartei","South Tyrol Peoples Party",5.4,26,498,567,256,1030,2006,"SVP","South Tyrol Peoples Party","Südtiroler Volkspartei","Suedtiroler Volkspartei","spec","Special issue",5.085,6.9,7.6083,NA,NA,NA,NA,NA,NA,NA,827,16
"ITA","Italy",2001-05-13,2005-05-28,"Berlusconi III",0,1,0,40,609,"UC","Unione / Centro","Union / Centre",6.1092,26,498,567,256,226,2006,"UC","Union / Centre","Unione / Centro","Unione / Centro","chr","Christian democracy",5.1181,7.8038,7.128,NA,188,1380523,NA,NA,818,6846,818,3
"ITA","Italy",2001-05-13,2005-05-28,"Berlusconi III",0,0,0,1,609,"UV","Union Valdôtaine","Valdotanian Union",NA,26,498,567,256,974,2006,"UV","Valdotanian Union","Union Valdôtaine","Union Valdotaine","spec","Special issue",NA,NA,NA,NA,NA,NA,NA,NA,NA,NA,NA,16
"ITA","Italy",2008-04-13,2011-11-16,"Monti",1,0,0,1,630,"AIE","Associativo Italiani all'Estero","Associative Italians Abroad",NA,26,111,983,823,927,2010,"AIE","Associative Italians Abroad","Associativo Italiani all'Estero","Associativo Italiani all'Estero","spec","Special issue",NA,NA,NA,NA,NA,NA,NA,NA,NA,NA,NA,16
"ITA","Italy",2008-04-13,2011-11-16,"Monti",1,0,0,1,630,"ALD","Autonomie Liberté Démocratie","Autonomy Liberty Democracy",6,26,111,983,823,1063,2010,"ALD","Autonomy Liberty Democracy","Autonomie Liberté Démocratie","Autonomie Liberte Democratie","lib","Liberal",6.7,3.5,8.8,NA,NA,NA,NA,NA,NA,NA,NA,6
"ITA","Italy",2008-04-13,2011-11-16,"Monti",1,0,0,243,630,"FI-PdL","Forza Italia – Il Popolo della Libertà","Go Italy -- The People of Freedom",7.1459,26,111,983,823,596,2010,"FI-PdL","Go Italy -- The People of Freedom","Forza Italia – Il Popolo della Libertà","Forza Italia -- Il Popolo della Liberta","con","Conservative",7.913,6.5983,5.0946,32610,186,1380630,NA,NA,816,6646,815,26
"ITA","Italy",2008-04-13,2011-11-16,"Monti",1,0,0,33,630,"FLI","Futuro e libertà per l'Italia","Future and Freedom for Italy",7.4,26,111,983,823,1477,2010,"FLI","Future and Freedom for Italy","Futuro e libertà per l'Italia","Futuro e liberta per l'Italia","con","Conservative",6.4,6.9,7.8,NA,NA,NA,NA,NA,NA,NA,NA,26
"ITA","Italy",2008-04-13,2011-11-16,"Monti",1,0,0,29,630,"IdV","Italia dei Valori","Italy of Values",4.8712,26,111,983,823,693,2010,"IdV","Italy of Values","Italia dei Valori","Italia dei Valori","lib","Liberal",4.5664,5.5255,7.1295,32902,176,1380902,NA,NA,NA,6686,828,6
"ITA","Italy",2008-04-13,2011-11-16,"Monti",1,0,0,60,630,"LN","Lega Nord","North League",7.8007,26,111,983,823,1436,2010,"LN","North League","Lega Nord","Lega Nord","right","Right-wing",7.9138,7.9003,3.2088,32720,178,1380720,NA,2109,812,6706,811,40
"ITA","Italy",2008-04-13,2011-11-16,"Monti",1,0,0,8,630,"MpA","Movimento per l'Autonomia","Movement for Autonomy",6.2,26,111,983,823,1040,2010,"MpA","Movement for Autonomy","Movimento per l'Autonomia","Movimento per l'Autonomia","chr","Christian democracy",5.7,7.2,8.3,NA,NA,NA,NA,NA,NA,NA,840,3
"ITA","Italy",2008-04-13,2011-11-16,"Monti",1,1,1,0,630,"PC","Presidente del Consiglio dei ministri","Prime minister",NA,26,111,983,823,2001,2010,"PC","Prime minister","Presidente del Consiglio dei ministri","Presidente del Consiglio dei ministri","none","no family",NA,NA,NA,NA,NA,NA,NA,NA,NA,NA,NA,12
"ITA","Italy",2008-04-13,2011-11-16,"Monti",1,0,0,217,630,"PD","Partito Democratico","Democratic Party",2.6216,26,111,983,823,382,2010,"PD","Democratic Party","Partito Democratico","Partito Democratico","soc","Social democracy",2.9825,2.0943,7.834,NA,180,1380331,NA,NA,NA,6626,837,11
"ITA","Italy",2008-04-13,2011-11-16,"Monti",1,0,0,2,630,"SVP","Südtiroler Volkspartei","South Tyrol Peoples Party",5.4,26,111,983,823,1030,2010,"SVP","South Tyrol Peoples Party","Südtiroler Volkspartei","Suedtiroler Volkspartei","spec","Special issue",5.085,6.9,7.6083,NA,NA,NA,NA,NA,NA,NA,827,16
"ITA","Italy",2008-04-13,2011-11-16,"Monti",1,0,0,36,630,"UC","Unione / Centro","Union / Centre",6.1092,26,111,983,823,226,2010,"UC","Union / Centre","Unione / Centro","Unione / Centro","chr","Christian democracy",5.1181,7.8038,7.128,NA,188,1380523,NA,NA,818,6846,818,3
"ITA","Italy",2013-02-25,2013-04-27,"Letta I",0,0,0,6,617,"CD","Centro Democratico"," Democratic Centre",6,26,789,1048,983,2153,NA,"CD"," Democratic Centre","Centro Democratico","Centro Democratico","lib","Liberal",6.7,3.5,8.8,NA,NA,NA,NA,NA,NA,NA,NA,6
"ITA","Italy",2013-02-25,2013-04-27,"Letta I",0,1,0,97,617,"FI-PdL","Forza Italia – Il Popolo della Libertà","Go Italy -- The People of Freedom",7.1459,26,789,1048,983,596,NA,"FI-PdL","Go Italy -- The People of Freedom","Forza Italia – Il Popolo della Libertà","Forza Italia -- Il Popolo della Liberta","con","Conservative",7.913,6.5983,5.0946,32610,186,1380630,NA,NA,816,6646,815,26
"ITA","Italy",2013-02-25,2013-04-27,"Letta I",0,0,0,9,617,"FdI-CN","Fratelli d'Italia -- Centrodestra Nazionale","Brothers of Italy -- National Centre-right",7.4,26,789,1048,983,2154,NA,"FdI-CN","Brothers of Italy -- National Centre-right","Fratelli d'Italia -- Centrodestra Nazionale","Fratelli dItalia -- Centrodestra Nazionale","con","Conservative",6.4,6.9,7.8,NA,NA,NA,NA,NA,NA,NA,NA,26
"ITA","Italy",2013-02-25,2013-04-27,"Letta I",0,0,0,18,617,"LN","Lega Nord","North League",7.8007,26,789,1048,983,1436,NA,"LN","North League","Lega Nord","Lega Nord","right","Right-wing",7.9138,7.9003,3.2088,32720,178,1380720,NA,2109,812,6706,811,40
"ITA","Italy",2013-02-25,2013-04-27,"Letta I",0,0,0,108,617,"M5S","Movimento 5 Stelle","Five Star Movement",2.6,26,789,1048,983,2155,NA,"M5S","Five Star Movement","Movimento 5 Stelle","Movimento 5 Stelle","eco","Green/Ecologist",2.6,1.7,6.6,NA,NA,NA,NA,NA,NA,NA,NA,19
"ITA","Italy",2013-02-25,2013-04-27,"Letta I",0,1,1,292,617,"PD","Partito Democratico","Democratic Party",2.6216,26,789,1048,983,382,NA,"PD","Democratic Party","Partito Democratico","Partito Democratico","soc","Social democracy",2.9825,2.0943,7.834,NA,180,1380331,NA,NA,NA,6626,837,11
"ITA","Italy",2013-02-25,2013-04-27,"Letta I",0,1,0,0,617,"R","Radicali","Radicals",3.9732,26,789,1048,983,1296,NA,"R","Radicals","Radicali","Radicali","soc","Social democracy",7.0784,0.3338,8.2722,32310,NA,NA,1004,NA,814,6786,813,11
"ITA","Italy",2013-02-25,2013-04-27,"Letta I",0,1,0,37,617,"SC","Scelta Civica","Civic Choice",6,26,789,1048,983,2156,NA,"SC","Civic Choice","Scelta Civica","Scelta Civica","lib","Liberal",6.7,3.5,8.8,NA,NA,NA,NA,NA,NA,NA,NA,6
"ITA","Italy",2013-02-25,2013-04-27,"Letta I",0,0,0,37,617,"SL","Sinistra (Ecologia) Libertà","Left (Ecology) Freedom",1.3,26,789,1048,983,465,NA,"SL","Left (Ecology) Freedom","Sinistra (Ecologia) Libertà","Sinistra (Ecologia) Liberta","com","Communist/Socialist",1.4,3,3.3,NA,371,1380007,NA,NA,NA,NA,838,14
"ITA","Italy",2013-02-25,2013-04-27,"Letta I",0,0,0,5,617,"SVP","Südtiroler Volkspartei","South Tyrol Peoples Party",5.4,26,789,1048,983,1030,NA,"SVP","South Tyrol Peoples Party","Südtiroler Volkspartei","Suedtiroler Volkspartei","spec","Special issue",5.085,6.9,7.6083,NA,NA,NA,NA,NA,NA,NA,827,16
"ITA","Italy",2013-02-25,2013-04-27,"Letta I",0,1,0,8,617,"UC","Unione / Centro","Union / Centre",6.1092,26,789,1048,983,226,NA,"UC","Union / Centre","Unione / Centro","Unione / Centro","chr","Christian democracy",5.1181,7.8038,7.128,NA,188,1380523,NA,NA,818,6846,818,3
"ITA","Italy",2013-02-25,2013-11-18,"Letta II",0,0,0,6,617,"CD","Centro Democratico"," Democratic Centre",6,26,789,1068,1048,2153,NA,"CD"," Democratic Centre","Centro Democratico","Centro Democratico","lib","Liberal",6.7,3.5,8.8,NA,NA,NA,NA,NA,NA,NA,NA,6
"ITA","Italy",2013-02-25,2013-11-18,"Letta II",0,0,0,68,617,"FI-PdL","Forza Italia – Il Popolo della Libertà","Go Italy -- The People of Freedom",7.1459,26,789,1068,1048,596,NA,"FI-PdL","Go Italy -- The People of Freedom","Forza Italia – Il Popolo della Libertà","Forza Italia -- Il Popolo della Liberta","con","Conservative",7.913,6.5983,5.0946,32610,186,1380630,NA,NA,816,6646,815,26
"ITA","Italy",2013-02-25,2013-11-18,"Letta II",0,0,0,9,617,"FdI-CN","Fratelli d'Italia -- Centrodestra Nazionale","Brothers of Italy -- National Centre-right",7.4,26,789,1068,1048,2154,NA,"FdI-CN","Brothers of Italy -- National Centre-right","Fratelli d'Italia -- Centrodestra Nazionale","Fratelli dItalia -- Centrodestra Nazionale","con","Conservative",6.4,6.9,7.8,NA,NA,NA,NA,NA,NA,NA,NA,26
"ITA","Italy",2013-02-25,2013-11-18,"Letta II",0,0,0,18,617,"LN","Lega Nord","North League",7.8007,26,789,1068,1048,1436,NA,"LN","North League","Lega Nord","Lega Nord","right","Right-wing",7.9138,7.9003,3.2088,32720,178,1380720,NA,2109,812,6706,811,40
"ITA","Italy",2013-02-25,2013-11-18,"Letta II",0,0,0,108,617,"M5S","Movimento 5 Stelle","Five Star Movement",2.6,26,789,1068,1048,2155,NA,"M5S","Five Star Movement","Movimento 5 Stelle","Movimento 5 Stelle","eco","Green/Ecologist",2.6,1.7,6.6,NA,NA,NA,NA,NA,NA,NA,NA,19
"ITA","Italy",2013-02-25,2013-11-18,"Letta II",0,1,0,29,617,"NCD","Nuovo Centrodestra","New Centre-Right",7.4,26,789,1068,1048,2268,NA,"NCD","New Centre-Right","Nuovo Centrodestra","Nuovo Centrodestra","con","Conservative",6.4,6.9,7.8,NA,NA,NA,NA,NA,NA,NA,NA,26
"ITA","Italy",2013-02-25,2013-11-18,"Letta II",0,1,1,292,617,"PD","Partito Democratico","Democratic Party",2.6216,26,789,1068,1048,382,NA,"PD","Democratic Party","Partito Democratico","Partito Democratico","soc","Social democracy",2.9825,2.0943,7.834,NA,180,1380331,NA,NA,NA,6626,837,11
"ITA","Italy",2013-02-25,2013-11-18,"Letta II",0,1,0,0,617,"R","Radicali","Radicals",3.9732,26,789,1068,1048,1296,NA,"R","Radicals","Radicali","Radicali","soc","Social democracy",7.0784,0.3338,8.2722,32310,NA,NA,1004,NA,814,6786,813,11
"ITA","Italy",2013-02-25,2013-11-18,"Letta II",0,1,0,37,617,"SC","Scelta Civica","Civic Choice",6,26,789,1068,1048,2156,NA,"SC","Civic Choice","Scelta Civica","Scelta Civica","lib","Liberal",6.7,3.5,8.8,NA,NA,NA,NA,NA,NA,NA,NA,6
"ITA","Italy",2013-02-25,2013-11-18,"Letta II",0,0,0,37,617,"SL","Sinistra (Ecologia) Libertà","Left (Ecology) Freedom",1.3,26,789,1068,1048,465,NA,"SL","Left (Ecology) Freedom","Sinistra (Ecologia) Libertà","Sinistra (Ecologia) Liberta","com","Communist/Socialist",1.4,3,3.3,NA,371,1380007,NA,NA,NA,NA,838,14
"ITA","Italy",2013-02-25,2013-11-18,"Letta II",0,0,0,5,617,"SVP","Südtiroler Volkspartei","South Tyrol Peoples Party",5.4,26,789,1068,1048,1030,NA,"SVP","South Tyrol Peoples Party","Südtiroler Volkspartei","Suedtiroler Volkspartei","spec","Special issue",5.085,6.9,7.6083,NA,NA,NA,NA,NA,NA,NA,827,16
"ITA","Italy",2013-02-25,2013-11-18,"Letta II",0,1,0,8,617,"UC","Unione / Centro","Union / Centre",6.1092,26,789,1068,1048,226,NA,"UC","Union / Centre","Unione / Centro","Unione / Centro","chr","Christian democracy",5.1181,7.8038,7.128,NA,188,1380523,NA,NA,818,6846,818,3
"ITA","Italy",2013-02-25,2014-02-22,"Renzi",0,0,0,6,617,"CD","Centro Democratico"," Democratic Centre",6,26,789,1079,1068,2153,NA,"CD"," Democratic Centre","Centro Democratico","Centro Democratico","lib","Liberal",6.7,3.5,8.8,NA,NA,NA,NA,NA,NA,NA,NA,6
"ITA","Italy",2013-02-25,2014-02-22,"Renzi",0,0,0,68,617,"FI-PdL","Forza Italia – Il Popolo della Libertà","Go Italy -- The People of Freedom",7.1459,26,789,1079,1068,596,NA,"FI-PdL","Go Italy -- The People of Freedom","Forza Italia – Il Popolo della Libertà","Forza Italia -- Il Popolo della Liberta","con","Conservative",7.913,6.5983,5.0946,32610,186,1380630,NA,NA,816,6646,815,26
"ITA","Italy",2013-02-25,2014-02-22,"Renzi",0,0,0,9,617,"FdI-CN","Fratelli d'Italia -- Centrodestra Nazionale","Brothers of Italy -- National Centre-right",7.4,26,789,1079,1068,2154,NA,"FdI-CN","Brothers of Italy -- National Centre-right","Fratelli d'Italia -- Centrodestra Nazionale","Fratelli dItalia -- Centrodestra Nazionale","con","Conservative",6.4,6.9,7.8,NA,NA,NA,NA,NA,NA,NA,NA,26
"ITA","Italy",2013-02-25,2014-02-22,"Renzi",0,0,0,18,617,"LN","Lega Nord","North League",7.8007,26,789,1079,1068,1436,NA,"LN","North League","Lega Nord","Lega Nord","right","Right-wing",7.9138,7.9003,3.2088,32720,178,1380720,NA,2109,812,6706,811,40
"ITA","Italy",2013-02-25,2014-02-22,"Renzi",0,0,0,108,617,"M5S","Movimento 5 Stelle","Five Star Movement",2.6,26,789,1079,1068,2155,NA,"M5S","Five Star Movement","Movimento 5 Stelle","Movimento 5 Stelle","eco","Green/Ecologist",2.6,1.7,6.6,NA,NA,NA,NA,NA,NA,NA,NA,19
"ITA","Italy",2013-02-25,2014-02-22,"Renzi",0,1,0,29,617,"NCD","Nuovo Centrodestra","New Centre-Right",7.4,26,789,1079,1068,2268,NA,"NCD","New Centre-Right","Nuovo Centrodestra","Nuovo Centrodestra","con","Conservative",6.4,6.9,7.8,NA,NA,NA,NA,NA,NA,NA,NA,26
"ITA","Italy",2013-02-25,2014-02-22,"Renzi",0,1,1,292,617,"PD","Partito Democratico","Democratic Party",2.6216,26,789,1079,1068,382,NA,"PD","Democratic Party","Partito Democratico","Partito Democratico","soc","Social democracy",2.9825,2.0943,7.834,NA,180,1380331,NA,NA,NA,6626,837,11
"ITA","Italy",2013-02-25,2014-02-22,"Renzi",0,1,0,0,617,"R","Radicali","Radicals",3.9732,26,789,1079,1068,1296,NA,"R","Radicals","Radicali","Radicali","soc","Social democracy",7.0784,0.3338,8.2722,32310,NA,NA,1004,NA,814,6786,813,11
"ITA","Italy",2013-02-25,2014-02-22,"Renzi",0,1,0,37,617,"SC","Scelta Civica","Civic Choice",6,26,789,1079,1068,2156,NA,"SC","Civic Choice","Scelta Civica","Scelta Civica","lib","Liberal",6.7,3.5,8.8,NA,NA,NA,NA,NA,NA,NA,NA,6
"ITA","Italy",2013-02-25,2014-02-22,"Renzi",0,0,0,37,617,"SL","Sinistra (Ecologia) Libertà","Left (Ecology) Freedom",1.3,26,789,1079,1068,465,NA,"SL","Left (Ecology) Freedom","Sinistra (Ecologia) Libertà","Sinistra (Ecologia) Liberta","com","Communist/Socialist",1.4,3,3.3,NA,371,1380007,NA,NA,NA,NA,838,14
"ITA","Italy",2013-02-25,2014-02-22,"Renzi",0,0,0,5,617,"SVP","Südtiroler Volkspartei","South Tyrol Peoples Party",5.4,26,789,1079,1068,1030,NA,"SVP","South Tyrol Peoples Party","Südtiroler Volkspartei","Suedtiroler Volkspartei","spec","Special issue",5.085,6.9,7.6083,NA,NA,NA,NA,NA,NA,NA,827,16
"ITA","Italy",2013-02-25,2014-02-22,"Renzi",0,1,0,8,617,"UC","Unione / Centro","Union / Centre",6.1092,26,789,1079,1068,226,NA,"UC","Union / Centre","Unione / Centro","Unione / Centro","chr","Christian democracy",5.1181,7.8038,7.128,NA,188,1380523,NA,NA,818,6846,818,3
"LTU","Lithuania",2000-10-08,2001-07-03,"Brazauskas I",0,0,0,1,141,"JL","Jaunoji Lietuva","Young Lithuania",9.8,15,59,405,304,383,2002,"JL","Young Lithuania","Jaunoji Lietuva","Jaunoji Lietuva","right","Right-wing",2.25,8.6,1,NA,NA,NA,NA,NA,NA,NA,2513,40
"LTU","Lithuania",2000-10-08,2001-07-03,"Brazauskas I",0,0,0,1,141,"KDS","Krikšcioniu demokratu sajunga","Christian Democratic Union",6.2,15,59,405,304,493,2002,"KDS","Christian Democratic Union","Krikšcioniu demokratu sajunga","Krikscioniu demokratu sajunga","chr","Christian democracy",5.7,7.2,8.3,NA,NA,NA,NA,NA,NA,NA,NA,3
"LTU","Lithuania",2000-10-08,2001-07-03,"Brazauskas I",0,0,0,1,141,"KKSS","Krikšcioniu konservatoriu socialine sajunga","Christian Conservative Social Union",6.4579,15,59,405,304,709,2002,"KKSS","Christian Conservative Social Union","Krikšcioniu konservatoriu socialine sajunga","Krikscioniu konservatoriu socialine sajunga","chr","Christian democracy",5.9079,7.3618,7.5877,NA,NA,NA,NA,NA,NA,2292,2510,3
"LTU","Lithuania",2000-10-08,2001-07-03,"Brazauskas I",0,0,0,2,141,"LCS","Lietuvos centro sajunga","Centre Union of Lithuania",4.8833,15,59,405,304,887,2002,"LCS","Centre Union of Lithuania","Lietuvos centro sajunga","Lietuvos centro sajunga","lib","Liberal",6.25,4.2,9,88420,NA,NA,NA,2403,NA,NA,2509,6
"LTU","Lithuania",2000-10-08,2001-07-03,"Brazauskas I",0,0,0,26,141,"LDDP","Lietuvos demokratine darbo partija","Democratic Labour Party of Lithuania",3.3333,15,59,405,304,519,2002,"LDDP","Democratic Labour Party of Lithuania","Lietuvos demokratine darbo partija","Lietuvos demokratine darbo partija","com","Communist/Socialist",1.4,3,3.3,88220,NA,NA,NA,2401,NA,NA,NA,14
"LTU","Lithuania",2000-10-08,2001-07-03,"Brazauskas I",0,0,0,2,141,"LKDP","Lietuvos Krikšcionys Demokratai","Lithuanian Christian Democrats",6.2385,15,59,405,304,675,2002,"LKDP","Lithuanian Christian Democrats","Lietuvos Krikšcionys Demokratai","Lietuvos krikscionys demokratai","chr","Christian democracy",4.258,8.6845,7.5032,88521,NA,NA,NA,2404,NA,2264,2508,3
"LTU","Lithuania",2000-10-08,2001-07-03,"Brazauskas I",0,0,0,2,141,"LLRA","Lietuvos lenku rinkimu akcija","Election Action of Lithuania's Poles",3.865,15,59,405,304,28,2002,"LLRA","Election Action of Lithuania's Poles","Lietuvos lenku rinkimu akcija","Lietuvos lenku rinkimu akcija","spec","Special issue",3.9,7.325,7.4667,88951,NA,1440952,NA,NA,NA,NA,2511,16
"LTU","Lithuania",2000-10-08,2001-07-03,"Brazauskas I",0,0,0,1,141,"LLaS","Lietuvos laisves sajunga","Lithuanian Liberty Union",7.8,15,59,405,304,1562,2002,"LLaS","Lithuanian Liberty Union","Lietuvos laisves sajunga","Lietuvos laisves sajunga","right","Right-wing",0.75,8.75,2,NA,NA,NA,NA,NA,NA,NA,2512,40
"LTU","Lithuania",2000-10-08,2001-07-03,"Brazauskas I",0,0,0,34,141,"LLiS","Lietuvos liberalu sajunga","Liberal Union of Lithuania",6.8444,15,59,405,304,378,2002,"LLiS","Liberal Union of Lithuania","Lietuvos liberalu sajunga","Lietuvos liberalu sajunga","lib","Liberal",8.18,2.5,9.7583,88422,NA,NA,NA,2405,NA,NA,2505,6
"LTU","Lithuania",2000-10-08,2001-07-03,"Brazauskas I",0,0,0,3,141,"LMP-NDP","Lietuvos moteru partija – Naujosios demokratijos partija","Lithuanian Womens Party -- New Democratic Party",3.2,15,59,405,304,1261,2002,"LMP-NDP","Lithuanian Womens Party -- New Democratic Party","Lietuvos moteru partija – Naujosios demokratijos partija","Lietuvos moteru partija -- Naujosios demokratijos partija","soc","Social democracy",3.75,6.25,7,NA,NA,NA,NA,NA,NA,NA,2502,11
"LTU","Lithuania",2000-10-08,2001-07-03,"Brazauskas I",0,0,0,3,141,"LRS","Lietuvos rusu sajunga","Lithuanian Russian Union",2.2,15,59,405,304,863,2002,"LRS","Lithuanian Russian Union","Lietuvos rusu sajunga","Lietuvos rusu sajunga","spec","Special issue",2.25,7,5.3333,NA,204,1440524,NA,NA,NA,NA,2503,16
"LTU","Lithuania",2000-10-08,2001-07-03,"Brazauskas I",0,1,1,0,141,"LSDP","Lietuvos socialdemokratu partija","Lithuanian Social Democratic Party",3.1972,15,59,405,304,1277,2002,"LSDP","Lithuanian Social Democratic Party","Lietuvos socialdemokratu partija","Lietuvos socialdemokratu partija","soc","Social democracy",3.8262,5.2732,9.0702,88320,203,1440320,NA,NA,NA,2320,2501,11
"LTU","Lithuania",2000-10-08,2001-07-03,"Brazauskas I",0,0,0,19,141,"LSDP-89","Lietuvos socialdemokratu partija – 1989","Lithuanian Social Democratic Party -- 1989",4,15,59,405,304,1408,2002,"LSDP-89","Lithuanian Social Democratic Party -- 1989","Lietuvos socialdemokratu partija – 1989","Lietuvos socialdemokratu partija -- 1989","soc","Social democracy",3.5,3.6,8.1,88320,NA,NA,NA,2402,NA,NA,NA,11
"LTU","Lithuania",2000-10-08,2001-07-03,"Brazauskas I",0,0,0,4,141,"LVP","Lietuvos valstieciu partija","Lithuanian Peasant Party",2.645,15,59,405,304,1632,2002,"LVP","Lithuanian Peasant Party","Lietuvos valstieciu partija","Lietuvos valstieciu partija","agr","Agrarian",2.75,8,6.525,88810,NA,NA,NA,NA,NA,NA,2507,2
"LTU","Lithuania",2000-10-08,2001-07-03,"Brazauskas I",0,1,0,29,141,"NS","Naujoji sajunga (socialliberalai)","New Union (Social Liberals)",4.2686,15,59,405,304,856,2002,"NS","New Union (Social Liberals)","Naujoji sajunga (socialliberalai)","Naujoji sajunga (socialliberalai)","lib","Liberal",4.1125,4.9071,8.6647,88410,NA,1440410,NA,NA,NA,2376,2504,6
"LTU","Lithuania",2000-10-08,2001-07-03,"Brazauskas I",0,0,0,9,141,"TS-LK","Tevynes Sajunga","Homeland Union",7.4004,15,59,405,304,1045,2002,"TS-LK","Homeland Union","Tevynes Sajunga","Tevynes Sajunga","con","Conservative",6.694,7.1939,9.7006,88620,209,1440620,NA,2406,NA,2404,2506,26
"LTU","Lithuania",2000-10-08,2001-07-03,"Brazauskas I",0,0,0,3,141,"none","no party affiliation","no party affiliation",NA,15,59,405,304,58,2002,"none","no party affiliation","no party affiliation","no party affiliation","none","no family",NA,NA,NA,NA,NA,NA,NA,NA,NA,NA,NA,12
"LTU","Lithuania",2000-10-08,2001-07-03,"Brazauskas I",0,0,0,1,141,"one-seat","one seat","one seat",NA,15,59,405,304,652,2002,"one-seat","one seat","one seat","one seat","none","no family",NA,NA,NA,NA,NA,NA,NA,NA,NA,NA,NA,12
"ROU","Romania",1996-11-03,1999-12-21,"Isarescu",0,1,0,43,343,"PD","Partidul Democrat","Democratic Party",5.3875,23,49,171,440,419,1999,"PD","Democratic Party","Partidul Democrat","Partidul Democrat","lib","Liberal",5.1868,3.9647,9.5309,93322,NA,NA,NA,NA,NA,3226,2704,6
"ROU","Romania",1996-11-03,1999-12-21,"Isarescu",0,1,0,30,343,"PNL","Partidul National Liberal","National Liberal Party",6.0543,23,49,171,440,1015,1999,"PNL","National Liberal Party","Partidul National Liberal","Partidul National Liberal","lib","Liberal",7.245,3.5474,9.6079,93430,249,1642401,NA,3201,NA,3252,2705,6
"ROU","Romania",1996-11-03,1999-12-21,"Isarescu",0,1,0,92,343,"PNT-CD","Partidul National Taranesc Crestin Democrat","Christian-Democratic National Peasants' Party",5.5341,23,49,171,440,888,1999,"PNT-CD","Christian-Democratic National Peasants' Party","Partidul National Taranesc Crestin Democrat","Partidul National Taranesc Crestin Democrat","chr","Christian democracy",4.9393,6.8421,8.8158,93521,NA,1642800,NA,3205,NA,3278,NA,3
"ROU","Romania",1996-11-03,1999-12-21,"Isarescu",0,0,0,19,343,"PRM","Partidul România Mare","Greater Romania Party",6.6618,23,49,171,440,713,1999,"PRM","Greater Romania Party","Partidul România Mare","Partidul Romania Mare","right","Right-wing",2.1497,9.5131,4.9488,93712,251,1642700,NA,3209,NA,3304,2703,40
"ROU","Romania",1996-11-03,1999-12-21,"Isarescu",0,0,0,91,343,"PSD","Partidul Social Democrat","Social Democratic Party",3.2325,23,49,171,440,1120,1999,"PSD","Social Democratic Party","Partidul Social Democrat","Partidul Social Democrat","soc","Social democracy",2.4518,6.2794,8.6459,93221,252,1642300,NA,3202,NA,3330,2701,11
"ROU","Romania",1996-11-03,1999-12-21,"Isarescu",0,1,0,10,343,"PSDR","Partidul Social Democrat Român","Romanian Social Democratic Party",3.3,23,49,171,440,1601,1999,"PSDR","Romanian Social Democratic Party","Partidul Social Democrat Român","Partidul Social Democrat Roman","soc","Social democracy",3.5,3.6,8.1,93320,NA,NA,NA,NA,NA,NA,NA,11
"ROU","Romania",1996-11-03,1999-12-21,"Isarescu",0,0,0,18,343,"PUNR","Partidul Unitatii Nationale a Romanilor","Romanian National Unity Party",5.5556,23,49,171,440,648,1999,"PUNR","Romanian National Unity Party","Partidul Unitatii Nationale a Romanilor","Partidul Unitatii Nationale a Romanilor","right","Right-wing",5.9,8.6,2.4,93711,NA,NA,NA,3208,NA,NA,NA,40
"ROU","Romania",1996-11-03,1999-12-21,"Isarescu",0,1,0,25,343,"UDMR","Uniunea Democrata Maghiara din România","Democratic Union of Hungarians in Romania",6.016,23,49,171,440,948,1999,"UDMR","Democratic Union of Hungarians in Romania","Uniunea Democrata Maghiara din România","Uniunea Democratica Maghiara din Romania","con","Conservative",5.9825,3.8813,9.4801,93951,253,1642900,NA,NA,NA,3382,2706,26
"ROU","Romania",1996-11-03,1999-12-21,"Isarescu",0,0,0,15,343,"etnice","Partidele minoritatilor etnice din România","Romanian ethnic minorities parties",NA,23,49,171,440,425,1999,"etnice","Romanian ethnic minorities parties","Partidele minoritatilor etnice din România","Partidele minoritatilor etnice din Romania","none","no family",NA,NA,NA,NA,NA,NA,NA,NA,NA,NA,NA,12
"ROU","Romania",1996-11-03,1999-12-21,"Isarescu",0,1,1,0,343,"none","no party affiliation","no party affiliation",NA,23,49,171,440,761,1999,"none","no party affiliation","no party affiliation","no party affiliation","none","no family",NA,NA,NA,NA,NA,NA,NA,NA,NA,NA,NA,12
"ROU","Romania",2000-11-26,2000-12-20,"Nastase I",0,1,0,0,345,"PC","Partidul Conservator","Conservative Party",4.7622,23,336,64,171,5,1999,"PC","Conservative Party","Partidul Conservator","Partidul Conservator","con","Conservative",4.7538,6.2779,8.2028,NA,NA,1642600,NA,NA,NA,3356,2702,26
"ROU","Romania",2000-11-26,2000-12-20,"Nastase I",0,0,0,31,345,"PD","Partidul Democrat","Democratic Party",5.3875,23,336,64,171,419,1999,"PD","Democratic Party","Partidul Democrat","Partidul Democrat","lib","Liberal",5.1868,3.9647,9.5309,93322,NA,NA,NA,NA,NA,3226,2704,6
"ROU","Romania",2000-11-26,2000-12-20,"Nastase I",0,0,0,30,345,"PNL","Partidul National Liberal","National Liberal Party",6.0543,23,336,64,171,1015,1999,"PNL","National Liberal Party","Partidul National Liberal","Partidul National Liberal","lib","Liberal",7.245,3.5474,9.6079,93430,249,1642401,NA,3201,NA,3252,2705,6
"ROU","Romania",2000-11-26,2000-12-20,"Nastase I",0,0,0,84,345,"PRM","Partidul România Mare","Greater Romania Party",6.6618,23,336,64,171,713,1999,"PRM","Greater Romania Party","Partidul România Mare","Partidul Romania Mare","right","Right-wing",2.1497,9.5131,4.9488,93712,251,1642700,NA,3209,NA,3304,2703,40
"ROU","Romania",2000-11-26,2000-12-20,"Nastase I",0,1,1,155,345,"PSD","Partidul Social Democrat","Social Democratic Party",3.2325,23,336,64,171,1120,1999,"PSD","Social Democratic Party","Partidul Social Democrat","Partidul Social Democrat","soc","Social democracy",2.4518,6.2794,8.6459,93221,252,1642300,NA,3202,NA,3330,2701,11
"ROU","Romania",2000-11-26,2000-12-20,"Nastase I",0,1,0,0,345,"PSDR","Partidul Social Democrat Român","Romanian Social Democratic Party",3.3,23,336,64,171,1601,1999,"PSDR","Romanian Social Democratic Party","Partidul Social Democrat Român","Partidul Social Democrat Roman","soc","Social democracy",3.5,3.6,8.1,93320,NA,NA,NA,NA,NA,NA,NA,11
"ROU","Romania",2000-11-26,2000-12-20,"Nastase I",0,0,0,27,345,"UDMR","Uniunea Democrata Maghiara din România","Democratic Union of Hungarians in Romania",6.016,23,336,64,171,948,1999,"UDMR","Democratic Union of Hungarians in Romania","Uniunea Democrata Maghiara din România","Uniunea Democratica Maghiara din Romania","con","Conservative",5.9825,3.8813,9.4801,93951,253,1642900,NA,NA,NA,3382,2706,26
"ROU","Romania",2000-11-26,2000-12-20,"Nastase I",0,0,0,18,345,"etnice","Partidele minoritatilor etnice din România","Romanian ethnic minorities parties",NA,23,336,64,171,425,1999,"etnice","Romanian ethnic minorities parties","Partidele minoritatilor etnice din România","Partidele minoritatilor etnice din Romania","none","no family",NA,NA,NA,NA,NA,NA,NA,NA,NA,NA,NA,12
"ROU","Romania",2004-11-28,2004-12-29,"Popescu-Tariceanu I",0,1,0,0,332,"PC","Partidul Conservator","Conservative Party",4.7622,23,165,509,1029,5,2006,"PC","Conservative Party","Partidul Conservator","Partidul Conservator","con","Conservative",4.7538,6.2779,8.2028,NA,NA,1642600,NA,NA,NA,3356,2702,26
"ROU","Romania",2004-11-28,2004-12-29,"Popescu-Tariceanu I",0,1,0,48,332,"PD","Partidul Democrat","Democratic Party",5.3875,23,165,509,1029,419,2006,"PD","Democratic Party","Partidul Democrat","Partidul Democrat","lib","Liberal",5.1868,3.9647,9.5309,93322,NA,NA,NA,NA,NA,3226,2704,6
"ROU","Romania",2004-11-28,2004-12-29,"Popescu-Tariceanu I",0,1,1,64,332,"PNL","Partidul National Liberal","National Liberal Party",6.0543,23,165,509,1029,1015,2006,"PNL","National Liberal Party","Partidul National Liberal","Partidul National Liberal","lib","Liberal",7.245,3.5474,9.6079,93430,249,1642401,NA,3201,NA,3252,2705,6
"ROU","Romania",2004-11-28,2004-12-29,"Popescu-Tariceanu I",0,0,0,48,332,"PRM","Partidul România Mare","Greater Romania Party",6.6618,23,165,509,1029,713,2006,"PRM","Greater Romania Party","Partidul România Mare","Partidul Romania Mare","right","Right-wing",2.1497,9.5131,4.9488,93712,251,1642700,NA,3209,NA,3304,2703,40
"ROU","Romania",2004-11-28,2004-12-29,"Popescu-Tariceanu I",0,0,0,132,332,"PSD","Partidul Social Democrat","Social Democratic Party",3.2325,23,165,509,1029,1120,2006,"PSD","Social Democratic Party","Partidul Social Democrat","Partidul Social Democrat","soc","Social democracy",2.4518,6.2794,8.6459,93221,252,1642300,NA,3202,NA,3330,2701,11
"ROU","Romania",2004-11-28,2004-12-29,"Popescu-Tariceanu I",0,1,0,22,332,"UDMR","Uniunea Democrata Maghiara din România","Democratic Union of Hungarians in Romania",6.016,23,165,509,1029,948,2006,"UDMR","Democratic Union of Hungarians in Romania","Uniunea Democrata Maghiara din România","Uniunea Democratica Maghiara din Romania","con","Conservative",5.9825,3.8813,9.4801,93951,253,1642900,NA,NA,NA,3382,2706,26
"ROU","Romania",2004-11-28,2004-12-29,"Popescu-Tariceanu I",0,0,0,18,332,"etnice","Partidele minoritatilor etnice din România","Romanian ethnic minorities parties",NA,23,165,509,1029,425,2006,"etnice","Romanian ethnic minorities parties","Partidele minoritatilor etnice din România","Partidele minoritatilor etnice din Romania","none","no family",NA,NA,NA,NA,NA,NA,NA,NA,NA,NA,NA,12
"ROU","Romania",2008-11-30,2012-05-07,"Ponta I",0,1,0,0,334,"PC","Partidul Conservator","Conservative Party",4.7622,23,319,1033,992,5,2010,"PC","Conservative Party","Partidul Conservator","Partidul Conservator","con","Conservative",4.7538,6.2779,8.2028,NA,NA,1642600,NA,NA,NA,3356,2702,26
"ROU","Romania",2008-11-30,2012-05-07,"Ponta I",0,0,0,121,334,"PD-L","Partidul Democrat-Liberal","Democratic Liberal Party",5.3875,23,319,1033,992,958,2010,"PD-L","Democratic Liberal Party","Partidul Democrat-Liberal","Partidul Democrat-Liberal","lib","Liberal",5.1868,3.9647,9.5309,NA,248,1642400,NA,NA,NA,3226,2704,6
"ROU","Romania",2008-11-30,2012-05-07,"Ponta I",0,1,0,57,334,"PNL","Partidul National Liberal","National Liberal Party",6.0543,23,319,1033,992,1015,2010,"PNL","National Liberal Party","Partidul National Liberal","Partidul National Liberal","lib","Liberal",7.245,3.5474,9.6079,93430,249,1642401,NA,3201,NA,3252,2705,6
"ROU","Romania",2008-11-30,2012-05-07,"Ponta I",0,1,1,90,334,"PSD","Partidul Social Democrat","Social Democratic Party",3.2325,23,319,1033,992,1120,2010,"PSD","Social Democratic Party","Partidul Social Democrat","Partidul Social Democrat","soc","Social democracy",2.4518,6.2794,8.6459,93221,252,1642300,NA,3202,NA,3330,2701,11
"ROU","Romania",2008-11-30,2012-05-07,"Ponta I",0,0,0,20,334,"UDMR","Uniunea Democrata Maghiara din România","Democratic Union of Hungarians in Romania",6.016,23,319,1033,992,948,2010,"UDMR","Democratic Union of Hungarians in Romania","Uniunea Democrata Maghiara din România","Uniunea Democratica Maghiara din Romania","con","Conservative",5.9825,3.8813,9.4801,93951,253,1642900,NA,NA,NA,3382,2706,26
"ROU","Romania",2008-11-30,2012-05-07,"Ponta I",0,0,0,17,334,"UNPR","Uniunea Nationala pentru Progresul României","National Union for the Progress of Romania",3.3,23,319,1033,992,2002,2010,"UNPR","National Union for the Progress of Romania","Uniunea Nationala pentru Progresul României","Uniunea Nationala pentru Progresul Romaniei","soc","Social democracy",3.5,3.6,8.1,NA,NA,NA,NA,NA,NA,NA,NA,11
"ROU","Romania",2008-11-30,2012-05-07,"Ponta I",0,0,0,17,334,"etnice","Partidele minoritatilor etnice din România","Romanian ethnic minorities parties",NA,23,319,1033,992,425,2010,"etnice","Romanian ethnic minorities parties","Partidele minoritatilor etnice din România","Partidele minoritatilor etnice din Romania","none","no family",NA,NA,NA,NA,NA,NA,NA,NA,NA,NA,NA,12
"ROU","Romania",2008-11-30,2012-05-07,"Ponta I",0,0,0,6,334,"none","no party affiliation","no party affiliation",NA,23,319,1033,992,761,2010,"none","no party affiliation","no party affiliation","no party affiliation","none","no family",NA,NA,NA,NA,NA,NA,NA,NA,NA,NA,NA,12
"ROU","Romania",2012-12-09,2014-03-04,"Ponta III",0,1,0,13,412,"PC","Partidul Conservator","Conservative Party",4.7622,23,787,1085,1043,5,NA,"PC","Conservative Party","Partidul Conservator","Partidul Conservator","con","Conservative",4.7538,6.2779,8.2028,NA,NA,1642600,NA,NA,NA,3356,2702,26
"ROU","Romania",2012-12-09,2014-03-04,"Ponta III",0,0,0,56,412,"PD-L","Partidul Democrat-Liberal","Democratic Liberal Party",5.3875,23,787,1085,1043,958,NA,"PD-L","Democratic Liberal Party","Partidul Democrat-Liberal","Partidul Democrat-Liberal","lib","Liberal",5.1868,3.9647,9.5309,NA,248,1642400,NA,NA,NA,3226,2704,6
"ROU","Romania",2012-12-09,2014-03-04,"Ponta III",0,0,0,100,412,"PNL","Partidul National Liberal","National Liberal Party",6.0543,23,787,1085,1043,1015,NA,"PNL","National Liberal Party","Partidul National Liberal","Partidul National Liberal","lib","Liberal",7.245,3.5474,9.6079,93430,249,1642401,NA,3201,NA,3252,2705,6
"ROU","Romania",2012-12-09,2014-03-04,"Ponta III",0,0,0,47,412,"PP-DD","Partidul Poporului – Dan Diaconescu","People's Party -- Dan Diaconescu",1.3,23,787,1085,1043,2130,NA,"PP-DD","People's Party -- Dan Diaconescu","Partidul Poporului – Dan Diaconescu","Partidul Poporului -- Dan Diaconescu","com","Communist/Socialist",1.4,3,3.3,NA,NA,NA,NA,NA,NA,NA,NA,14
"ROU","Romania",2012-12-09,2014-03-04,"Ponta III",0,1,1,160,412,"PSD","Partidul Social Democrat","Social Democratic Party",3.2325,23,787,1085,1043,1120,NA,"PSD","Social Democratic Party","Partidul Social Democrat","Partidul Social Democrat","soc","Social democracy",2.4518,6.2794,8.6459,93221,252,1642300,NA,3202,NA,3330,2701,11
"ROU","Romania",2012-12-09,2014-03-04,"Ponta III",0,1,0,18,412,"UDMR","Uniunea Democrata Maghiara din România","Democratic Union of Hungarians in Romania",6.016,23,787,1085,1043,948,NA,"UDMR","Democratic Union of Hungarians in Romania","Uniunea Democrata Maghiara din România","Uniunea Democratica Maghiara din Romania","con","Conservative",5.9825,3.8813,9.4801,93951,253,1642900,NA,NA,NA,3382,2706,26
"ROU","Romania",2012-12-09,2014-03-04,"Ponta III",0,1,0,0,412,"UNPR","Uniunea Nationala pentru Progresul României","National Union for the Progress of Romania",3.3,23,787,1085,1043,2002,NA,"UNPR","National Union for the Progress of Romania","Uniunea Nationala pentru Progresul României","Uniunea Nationala pentru Progresul Romaniei","soc","Social democracy",3.5,3.6,8.1,NA,NA,NA,NA,NA,NA,NA,NA,11
"ROU","Romania",2012-12-09,2014-03-04,"Ponta III",0,0,0,18,412,"etnice","Partidele minoritatilor etnice din România","Romanian ethnic minorities parties",NA,23,787,1085,1043,425,NA,"etnice","Romanian ethnic minorities parties","Partidele minoritatilor etnice din România","Partidele minoritatilor etnice din Romania","none","no family",NA,NA,NA,NA,NA,NA,NA,NA,NA,NA,NA,12
"ROU","Romania",2012-12-09,2014-12-15,"Ponta IV",0,1,0,22,412,"LRP","Partidul Liberal Reformator","Liberal Reformist Party",6,23,787,1154,1085,2401,NA,"LRP","Liberal Reformist Party","Partidul Liberal Reformator","Partidul Liberal Reformator","lib","Liberal",6.7,3.5,8.8,NA,NA,NA,NA,NA,NA,NA,NA,6
"ROU","Romania",2012-12-09,2014-12-15,"Ponta IV",0,1,0,13,412,"PC","Partidul Conservator","Conservative Party",4.7622,23,787,1154,1085,5,NA,"PC","Conservative Party","Partidul Conservator","Partidul Conservator","con","Conservative",4.7538,6.2779,8.2028,NA,NA,1642600,NA,NA,NA,3356,2702,26
"ROU","Romania",2012-12-09,2014-12-15,"Ponta IV",0,0,0,56,412,"PD-L","Partidul Democrat-Liberal","Democratic Liberal Party",5.3875,23,787,1154,1085,958,NA,"PD-L","Democratic Liberal Party","Partidul Democrat-Liberal","Partidul Democrat-Liberal","lib","Liberal",5.1868,3.9647,9.5309,NA,248,1642400,NA,NA,NA,3226,2704,6
"ROU","Romania",2012-12-09,2014-12-15,"Ponta IV",0,0,0,78,412,"PNL","Partidul National Liberal","National Liberal Party",6.0543,23,787,1154,1085,1015,NA,"PNL","National Liberal Party","Partidul National Liberal","Partidul National Liberal","lib","Liberal",7.245,3.5474,9.6079,93430,249,1642401,NA,3201,NA,3252,2705,6
"ROU","Romania",2012-12-09,2014-12-15,"Ponta IV",0,0,0,47,412,"PP-DD","Partidul Poporului – Dan Diaconescu","People's Party -- Dan Diaconescu",1.3,23,787,1154,1085,2130,NA,"PP-DD","People's Party -- Dan Diaconescu","Partidul Poporului – Dan Diaconescu","Partidul Poporului -- Dan Diaconescu","com","Communist/Socialist",1.4,3,3.3,NA,NA,NA,NA,NA,NA,NA,NA,14
"ROU","Romania",2012-12-09,2014-12-15,"Ponta IV",0,1,1,160,412,"PSD","Partidul Social Democrat","Social Democratic Party",3.2325,23,787,1154,1085,1120,NA,"PSD","Social Democratic Party","Partidul Social Democrat","Partidul Social Democrat","soc","Social democracy",2.4518,6.2794,8.6459,93221,252,1642300,NA,3202,NA,3330,2701,11
"ROU","Romania",2012-12-09,2014-12-15,"Ponta IV",0,0,0,18,412,"UDMR","Uniunea Democrata Maghiara din România","Democratic Union of Hungarians in Romania",6.016,23,787,1154,1085,948,NA,"UDMR","Democratic Union of Hungarians in Romania","Uniunea Democrata Maghiara din România","Uniunea Democratica Maghiara din Romania","con","Conservative",5.9825,3.8813,9.4801,93951,253,1642900,NA,NA,NA,3382,2706,26
"ROU","Romania",2012-12-09,2014-12-15,"Ponta IV",0,1,0,0,412,"UNPR","Uniunea Nationala pentru Progresul României","National Union for the Progress of Romania",3.3,23,787,1154,1085,2002,NA,"UNPR","National Union for the Progress of Romania","Uniunea Nationala pentru Progresul României","Uniunea Nationala pentru Progresul Romaniei","soc","Social democracy",3.5,3.6,8.1,NA,NA,NA,NA,NA,NA,NA,NA,11
"ROU","Romania",2012-12-09,2014-12-15,"Ponta IV",0,0,0,18,412,"etnice","Partidele minoritatilor etnice din România","Romanian ethnic minorities parties",NA,23,787,1154,1085,425,NA,"etnice","Romanian ethnic minorities parties","Partidele minoritatilor etnice din România","Partidele minoritatilor etnice din Romania","none","no family",NA,NA,NA,NA,NA,NA,NA,NA,NA,NA,NA,12
"SVK","Slovakia",2002-09-21,2006-02-08,"Dzurinda III",0,0,0,15,150,"ANO","Aliancia nového obcana","Alliance of the New Citizen",7.2404,1,218,185,547,1200,2006,"ANO","Alliance of the New Citizen","Aliancia nového obcana","Aliancia noveho obcana","lib","Liberal",7.945,1.9712,9.4714,96424,NA,NA,NA,NA,NA,3850,2806,6
"SVK","Slovakia",2002-09-21,2006-02-08,"Dzurinda III",0,1,0,25,150,"HZDS","Hnutie za demokratické Slovensko","Movement for a Democratic Slovakia",4.8914,1,218,185,547,1142,2006,"HZDS","Movement for a Democratic Slovakia","Hnutie za demokratické Slovensko","Hnutie za demokraticke Slovensko","con","Conservative",4.8199,5.9161,7.2855,96711,255,1703711,NA,3403,NA,3876,2801,26
"SVK","Slovakia",2002-09-21,2006-02-08,"Dzurinda III",0,0,0,15,150,"KDH","Krestanskodemokratické hnutie","Christian Democratic Movement",7.1082,1,218,185,547,1432,2006,"KDH","Christian Democratic Movement","Krestanskodemokratické hnutie","Krest'anskodemokraticke hnutie","chr","Christian democracy",6.9698,8.8217,6.6998,96521,254,1703521,NA,3405,NA,3902,2805,3
"SVK","Slovakia",2002-09-21,2006-02-08,"Dzurinda III",0,0,0,11,150,"KSS","Komunistická strana Slovenska","Communist Party of Slovakia",0.5275,1,218,185,547,44,2006,"KSS","Communist Party of Slovakia","Komunistická strana Slovenska","Komunisticka strana Slovenska","com","Communist/Socialist",0.937,4.5302,3.5075,96222,NA,1703222,NA,NA,NA,3928,2807,14
"SVK","Slovakia",2002-09-21,2006-02-08,"Dzurinda III",0,0,0,11,150,"Lu+Ls","Ludová únia – Liberálna strana","People's Union -- Liberal Party",7.3684,1,218,185,547,1615,2006,"Lu+Ls","People's Union -- Liberal Party","Ludová únia – Liberálna strana","Ludova unia -- Liberalna strana","con","Conservative",5.2632,6.3158,9.4737,NA,NA,NA,NA,NA,NA,3954,NA,26
"SVK","Slovakia",2002-09-21,2006-02-08,"Dzurinda III",0,0,0,20,150,"MK","Madarskej koalície – Magyar koalíció","Hungarian Coalition",6.5005,1,218,185,547,559,2006,"MK","Hungarian Coalition","Madarskej koalície – Magyar koalíció","Ma'arskej koalicie -- Magyar koalicio","con","Conservative",6.0172,6.1761,9.3803,96952,259,1703954,NA,NA,NA,4105,2804,26
"SVK","Slovakia",2002-09-21,2006-02-08,"Dzurinda III",0,0,0,22,150,"SDKU-DS","Slovenská demokratická a krestanská únia – Demokratická strana","Slovak Democratic and Christian Union -- Democratic Party",7.3591,1,218,185,547,131,2006,"SDKU-DS","Slovak Democratic and Christian Union -- Democratic Party","Slovenská demokratická a krestanská únia – Demokratická strana","Slovenska demokraticka a krestanska unia -- Demokraticka strana","chr","Christian democracy",7.4401,5.0433,9.3905,96523,256,1703523,NA,NA,NA,4079,2802,3
"SVK","Slovakia",2002-09-21,2006-02-08,"Dzurinda III",0,1,0,0,150,"SNS","Slovenská národná strana","Slovak National Party",7.0198,1,218,185,547,1072,2006,"SNS","Slovak National Party","Slovenská národná strana","Slovenska narodna strana","right","Right-wing",4.5191,8.46,3.838,96710,257,1703710,NA,3401,NA,4131,2809,40
"SVK","Slovakia",2002-09-21,2006-02-08,"Dzurinda III",0,1,1,25,150,"Smer","Smer – sociálna demokracia","Direction -- Social Democracy",3.3799,1,218,185,547,220,2006,"Smer","Direction -- Social Democracy","Smer – sociálna demokracia","Smer -- socialna demokracia","soc","Social democracy",3.5124,3.6548,7.1697,96423,258,1703423,NA,NA,NA,4157,2803,11
"SVK","Slovakia",2002-09-21,2006-02-08,"Dzurinda III",0,0,0,6,150,"none","no party affiliation","no party affiliation",NA,1,218,185,547,1359,2006,"none","no party affiliation","no party affiliation","no party affiliation","none","no family",NA,NA,NA,NA,NA,NA,NA,NA,NA,NA,NA,12
